AXFH000
HFDTE150826
HFPLTPILOT:Markus Brandstätter
HFGTYGLIDERTYPE:Ozone Delta 5
HFDTM100GPSDATUM:WGS84
HFRFWFIRMWAREVERSION:9.7
HFRHWHARDWAREVERSION:iPhone 16
HFFTYFRTYPE:Flyskyhy,9.7
HFGPS:Internal
HFPRSVARIO:Bluetooth vario
HFCCLCOMPETITIONCLASS:Paraglider
HFTZNTIMEZONE:2
HFSITSITE:Krippenstein,AT
I053638FXA3941VXA4244GSP4547CCO4850HDT
B1023034731478N01341504EA0209802098004003004306155
B1023044731478N01341504EA0209802098004003004306167
B1023054731479N01341503EA0209802098004003000306149
B1023064731479N01341503EA0209802098004003000306185
B1023074731478N01341503EA0209802098004003000306194
B1023084731479N01341503EA0209802098004003000306200
B1023094731479N01341502EA0209802098004003007300200
B1023104731479N01341501EA0209702098004003000305209
B1023114731480N01341501EA0209702097004003000305165
B1023124731480N01341501EA0209702099004003000305106
B1023134731480N01341502EA0209802100004003003305128
B1023144731480N01341502EA0209802100004003003048104
B1023154731480N01341504EA0209802100004003000052130
B1023164731480N01341505EA0209802100004003000054121
B1023174731480N01341505EA0209802099004003000054124
B1023184731480N01341506EA0209802100004003000054122
B1023194731480N01341506EA0209902100004003000056120
B1023204731481N01341506EA0209902099004003000058118
B1023214731480N01341506EA0209902100004003001058100
B1023224731480N01341506EA0209902101004003002058120
B1023234731480N01341506EA0209902100004003002243134
B1023244731480N01341505EA0209902100004003003058137
B1023254731479N01341504EA0209902100004003000058124
B1023264731479N01341504EA0209902101004003002058198
B1023274731479N01341503EA0209802100004003002058006
B1023284731480N01341502EA0209702099004003003314346
B1023294731481N01341500EA0209702099004003010302341
B1023304731482N01341498EA0209602098004003013297008
B1023314731483N01341495EA0209502095004003013303016
B1023324731487N01341492EA0209302094004003014335021
B1023334731490N01341488EA0209302093004003030332162
B1023344731494N01341483EA0209202094004003033320337
B1023354731497N01341479EA0209302095004003030313326
B1023364731500N01341475EA0209402094004003027319321
B1023374731504N01341472EA0209102091004003027332325
B1023384731508N01341469EA0208802085004003038340336
B1023394731515N01341466EA0208202081004003047339343
B1023404731521N01341461EA0207902079004003047336344
B1023414731527N01341457EA0208402082004003047327336
B1023424731531N01341453EA0208602086004003044324328
B1023434731534N01341451EA0208802088004003015341325
B1023444731537N01341450EA0208802087004003016001341
B1023454731540N01341450EA0208602084004003016358357
B1023464731544N01341448EA0208202081004003023345356
B1023474731549N01341445EA0207802076004003027333354
B1023484731555N01341440EA0207702075004003047327345
B1023494731560N01341435EA0207802076004003047326339
B1023504731566N01341431EA0208002078004003046331344
B1023514731570N01341428EA0208202080004003038340342
B1023524731575N01341426EA0208202081004003031345345
B1023534731580N01341424EA0208202081004003034343348
B1023544731585N01341421EA0208202080004003039339345
B1023554731590N01341418EA0208102080004003038344342
B1023564731596N01341418EA0208202081004003038002348
B1023574731601N01341420EA0208202080004003036018001
B1023584731605N01341422EA0208102080004003033028016
B1023594731610N01341425EA0208002078004003033018018
B1024004731615N01341426EA0207802075004003033005359
B1024014731621N01341427EA0207602074004003037000350
B1024024731627N01341427EA0207602074004003039000356
B1024034731632N01341427EA0207602075004003035004349
B1024044731637N01341428EA0207702076004003035008354
B1024054731641N01341429EA0207702076004003030008345
B1024064731645N01341429EA0207702075004003028006343
B1024074731650N01341430EA0207502073004003028006346
B1024084731656N01341432EA0207302071004003041008346
B1024094731662N01341433EA0207202070004003044007357
B1024104731668N01341434EA0207202070004003041007343
B1024114731673N01341436EA0207202071004003039014344
B1024124731678N01341438EA0207202071004003034025359
B1024134731683N01341442EA0207102070004003035027352
B1024144731688N01341445EA0206902067004003037021351
B1024154731693N01341447EA0206802066004003037014354
B1024164731699N01341449EA0206602064004003040011356
B1024174731705N01341452EA0206602064004003042017003
B1024184731711N01341455EA0206502064004003040026013
B1024194731716N01341460EA0206502064004003040032010
B1024204731721N01341464EA0206502064004003039036007
B1024214731726N01341470EA0206502063004003039039011
B1024224731730N01341476EA0206402062004003040045027
B1024234731735N01341483EA0206302060004003046048016
B1024244731740N01341491EA0206002057004003051047022
B1024254731746N01341499EA0205802055004003051040014
B1024264731752N01341504EA0205702054004003051028010
B1024274731758N01341508EA0205702053004003049015006
B1024284731764N01341510EA0205702054004003039009359
B1024294731769N01341512EA0205602053004003039007358
B1024304731774N01341513EA0205502052004003034004353
B1024314731779N01341513EA0205402051004003034003356
B1024324731785N01341514EA0205302049004003034004348
B1024334731790N01341515EA0205202049004003034009346
B1024344731794N01341515EA0205202048004003034007342
B1024354731799N01341515EA0205002047004003031356335
B1024364731803N01341514EA0204902046004003030341336
B1024374731807N01341511EA0204802045004003030329330
B1024384731811N01341507EA0204802045004003030319316
B1024394731814N01341503EA0204802045004003030314318
B1024404731816N01341499EA0204802044004003025302309
B1024414731817N01341496EA0204702043004003020293305
B1024424731819N01341492EA0204502041004003020294303
B1024434731820N01341487EA0204302039004003025294306
B1024444731821N01341481EA0204202037004003027285293
B1024454731822N01341475EA0204002036004003026279300
B1024464731823N01341470EA0203802034004003026278298
B1024474731824N01341466EA0203802034004003023287299
B1024484731825N01341460EA0203602032004003026288303
B1024494731826N01341454EA0203502031004003030285298
B1024504731827N01341447EA0203302030004003030284304
B1024514731829N01341440EA0203302030004003032290328
B1024524731831N01341435EA0203302030004003032304328
B1024534731834N01341430EA0203302029004003028322330
B1024544731838N01341427EA0203202028004003030332334
B1024554731842N01341423EA0203002026004003030323318
B1024564731846N01341417EA0203002025004003033313326
B1024574731849N01341411EA0202802025004003036307327
B1024584731852N01341406EA0203002026004003030313343
B1024594731855N01341403EA0203102027004003030329343
B1025004731858N01341401EA0203102027004003024339337
B1025014731862N01341398EA0203102026004003024336330
B1025024731866N01341395EA0203002025004003025329326
B1025034731870N01341391EA0202902023004003034326326
B1025044731874N01341387EA0202802023004003038328325
B1025054731879N01341384EA0202902024004003038333330
B1025064731884N01341380EA0203002025004003038337338
B1025074731889N01341378EA0203202027004003032337336
B1025084731893N01341375EA0203202027004003032342339
B1025094731898N01341374EA0203202027004003032348339
B1025104731903N01341373EA0203202026004003032354352
B1025114731909N01341372EA0203102026004003040355344
B1025124731915N01341372EA0203002026004003043358002
B1025134731921N01341372EA0203202027004003043001007
B1025144731927N01341372EA0203402029004003043002014
B1025154731932N01341373EA0203602031004003033006006
B1025164731937N01341374EA0203802033004003033019029
B1025174731941N01341377EA0203802033004003032031028
B1025184731945N01341382EA0203802033004003032040039
B1025194731950N01341387EA0203602032004003040045030
B1025204731954N01341394EA0203602032004003045050064
B1025214731958N01341402EA0203502032004003045059086
B1025224731960N01341412EA0203602031004003046072078
B1025234731962N01341421EA0203502031004003048084094
B1025244731962N01341432EA0203402030004003049092098
B1025254731961N01341442EA0203402030004003048100102
B1025264731960N01341452EA0203302029004003047110110
B1025274731957N01341461EA0203202027004003046119114
B1025284731953N01341470EA0203002025004003049127123
B1025294731948N01341478EA0202802023004003049131130
B1025304731942N01341487EA0202802023004003053136135
B1025314731936N01341494EA0202802024004003056144141
B1025324731929N01341500EA0203002025004003056153151
B1025334731923N01341505EA0203202027004003051159158
B1025344731916N01341508EA0203302027004003046164165
B1025354731910N01341510EA0203302027004003045168171
B1025364731903N01341511EA0203402028004003045176175
B1025374731896N01341511EA0203402028004003045187184
B1025384731889N01341509EA0203402028004003047196197
B1025394731883N01341506EA0203402029004003047202206
B1025404731876N01341502EA0203502030004003047204212
B1025414731871N01341498EA0203602030004003043206215
B1025424731865N01341494EA0203702030004003040209217
B1025434731860N01341489EA0203702030004003041216223
B1025444731855N01341483EA0203702031004003041226230
B1025454731852N01341476EA0203702031004003041236238
B1025464731849N01341468EA0203602031004003039246248
B1025474731847N01341461EA0203602032004003036252257
B1025484731845N01341453EA0203602033004003036253262
B1025494731844N01341446EA0203702034004003035256263
B1025504731843N01341439EA0203902036004003035265266
B1025514731843N01341434EA0204102037004003030281273
B1025524731844N01341429EA0204102038004003021297287
B1025534731846N01341424EA0204202038004003024306300
B1025544731849N01341421EA0204202039004003024319307
B1025554731852N01341419EA0204302040004003027342316
B1025564731856N01341419EA0204402040004003028011333
B1025574731860N01341422EA0204502042004003033032357
B1025584731865N01341427EA0204602043004003039037017
B1025594731867N01341435EA0204902047004003039068024
B1026004731869N01341443EA0205102048004003039079055
B1026014731870N01341451EA0205202050004003040088066
B1026024731870N01341461EA0205302050004003043094077
B1026034731869N01341471EA0205402050004003046101085
B1026044731867N01341481EA0205302050004003046111094
B1026054731863N01341490EA0205302050004003050123107
B1026064731858N01341499EA0205302050004003053133126
B1026074731853N01341506EA0205402052004003051144136
B1026084731846N01341511EA0205502052004003051161151
B1026094731840N01341513EA0205602053004003048178170
B1026104731833N01341512EA0205702053004003047190190
B1026114731826N01341510EA0205702054004003045195203
B1026124731820N01341508EA0205802055004003040194209
B1026134731815N01341506EA0205902055004003040194210
B1026144731809N01341504EA0205802055004003037196209
B1026154731804N01341500EA0205602053004003037209212
B1026164731799N01341495EA0205402052004003039211226
B1026174731795N01341489EA0205402051004003041229227
B1026184731792N01341482EA0205202050004003041239243
B1026194731789N01341475EA0205102049004003037245252
B1026204731787N01341468EA0205102049004003035245258
B1026214731784N01341461EA0205002049004003035244258
B1026224731783N01341454EA0205102049004003030261258
B1026234731783N01341448EA0205302050004003030274273
B1026244731784N01341443EA0205302052004003027293283
B1026254731786N01341439EA0205402053004003024309298
B1026264731788N01341435EA0205502054004003022319310
B1026274731790N01341433EA0205602054004003023330316
B1026284731794N01341430EA0205602053004003029341324
B1026294731798N01341430EA0205402052004003029355333
B1026304731803N01341431EA0205302051004003033017344
B1026314731808N01341435EA0205202049004003035033002
B1026324731813N01341441EA0205102048004003044047017
B1026334731817N01341448EA0205102048004003045059033
B1026344731819N01341457EA0205102049004003045073046
B1026354731821N01341467EA0205202049004003045075060
B1026364731821N01341477EA0205302050004003046098062
B1026374731819N01341488EA0205302049004003048105094
B1026384731817N01341497EA0205202049004003048117102
B1026394731812N01341506EA0205202048004003048129117
B1026404731807N01341514EA0205202048004003052140132
B1026414731800N01341519EA0205102047004003054160145
B1026424731792N01341520EA0204902045004003056182169
B1026434731785N01341518EA0204802045004003056199193
B1026444731778N01341514EA0204902046004003055210211
B1026454731772N01341509EA0205202048004003048219223
B1026464731768N01341504EA0205302050004003040224233
B1026474731765N01341499EA0205502051004003028230240
B1026484731762N01341494EA0205502051004003028230251
B1026494731759N01341489EA0205502051004003028226251
B1026504731755N01341484EA0205202050004003031225248
B1026514731751N01341477EA0205202050004003036230246
B1026524731748N01341470EA0205202050004003041240248
B1026534731745N01341462EA0205202051004003041243254
B1026544731742N01341455EA0205402052004003040238259
B1026554731739N01341449EA0205502053004003037228255
B1026564731735N01341444EA0205502053004003034220257
B1026574731731N01341439EA0205602053004003034216246
B1026584731728N01341433EA0205502053004003036226245
B1026594731724N01341426EA0205402052004003036237251
B1027004731722N01341419EA0205402053004003037247260
B1027014731720N01341412EA0205402053004003037256268
B1027024731720N01341406EA0205502054004003026271275
B1027034731721N01341401EA0205502053004003026293289
B1027044731723N01341396EA0205302051004003026311303
B1027054731726N01341392EA0205102050004003029323316
B1027064731731N01341389EA0205102050004003033339324
B1027074731735N01341388EA0205302050004003032348336
B1027084731740N01341392EA0205502052004003041034342
B1027094731744N01341398EA0205502053004003041056021
B1027104731747N01341406EA0205702054004003043073040
B1027114731749N01341415EA0205802055004003044080057
B1027124731750N01341425EA0205902056004003044085070
B1027134731750N01341435EA0206002057004003044089076
B1027144731750N01341445EA0206002057004003045094082
B1027154731749N01341456EA0206002056004003049097090
B1027164731749N01341466EA0205902056004003049095073
B1027174731748N01341477EA0205902056004003049091070
B1027184731748N01341488EA0206002056004003050087062
B1027194731749N01341499EA0205902056004003049085063
B1027204731750N01341510EA0206002056004003049081055
B1027214731751N01341520EA0205902055004003047078050
B1027224731752N01341530EA0205702053004003047074035
B1027234731755N01341539EA0205602052004003043067033
B1027244731758N01341547EA0205402050004003043058031
B1027254731762N01341554EA0205302049004003042040022
B1027264731766N01341558EA0205202048004003040026007
B1027274731772N01341562EA0205202048004003038016004
B1027284731776N01341564EA0205202048004003038010345
B1027294731781N01341565EA0205202048004003032001337
B1027304731785N01341564EA0205102047004003027348327
B1027314731789N01341562EA0204902044004003030332319
B1027324731793N01341557EA0204702042004003035318306
B1027334731796N01341551EA0204502041004003035307302
B1027344731799N01341545EA0204402040004003037297289
B1027354731801N01341537EA0204302039004003035286276
B1027364731802N01341530EA0204302038004003035276281
B1027374731802N01341522EA0204202036004003034269271
B1027384731802N01341515EA0204002035004003034266271
B1027394731802N01341506EA0203902033004003040261259
B1027404731800N01341497EA0203802033004003044253251
B1027414731798N01341488EA0203802033004003044243261
B1027424731795N01341480EA0203902034004003044234268
B1027434731791N01341474EA0203902034004003037228267
B1027444731787N01341468EA0203802034004003037223273
B1027454731783N01341461EA0203902034004003037222260
B1027464731779N01341455EA0203802033004003039225265
B1027474731774N01341448EA0203802033004003045226263
B1027484731769N01341441EA0203802034004003046222254
B1027494731764N01341436EA0203702035004003045214257
B1027504731759N01341431EA0203902035004003042208256
B1027514731754N01341427EA0203902036004003039208240
B1027524731749N01341422EA0203902035004003039214246
B1027534731746N01341418EA0203802034004003036222243
B1027544731742N01341412EA0203702033004003034227247
B1027554731738N01341406EA0203502032004003034225254
B1027564731734N01341401EA0203402030004003038220250
B1027574731729N01341395EA0203302029004003040217250
B1027584731724N01341390EA0203202028004003040216250
B1027594731720N01341385EA0203202028004003040219252
B1028004731716N01341379EA0203202028004003040225254
B1028014731712N01341372EA0203102028004003039231259
B1028024731709N01341365EA0203202029004003039238262
B1028034731706N01341358EA0203202029004003035248269
B1028044731705N01341352EA0203202028004003034265278
B1028054731706N01341344EA0203002027004003034287287
B1028064731708N01341337EA0202802025004003039304304
B1028074731712N01341331EA0202602024004003039319314
B1028084731716N01341328EA0202602023004003038341325
B1028094731721N01341327EA0202602022004003035358341
B1028104731726N01341328EA0202502020004003035013353
B1028114731731N01341330EA0202402020004003035017003
B1028124731736N01341332EA0202302019004003035021008
B1028134731741N01341336EA0202302018004003034032010
B1028144731745N01341341EA0202302017004003034049018
B1028154731748N01341349EA0202102015004003037062033
B1028164731751N01341358EA0201802013004003048069047
B1028174731754N01341368EA0201702012004003048069050
B1028184731757N01341377EA0201702012004003048061040
B1028194731760N01341385EA0201802013004003045054036
B1028204731764N01341392EA0201902013004003042053037
B1028214731766N01341398EA0201902014004003031064035
B1028224731768N01341405EA0201802013004003033070041
B1028234731770N01341413EA0201702011004003033065032
B1028244731773N01341420EA0201502010004003037057021
B1028254731777N01341426EA0201402009004003041044015
B1028264731782N01341431EA0201402009004003039030003
B1028274731787N01341435EA0201402009004003039016354
B1028284731791N01341436EA0201402010004003035007354
B1028294731796N01341437EA0201402009004003031003007
B1028304731800N01341438EA0201302008004003030002006
B1028314731805N01341438EA0201202007004003032002004
B1028324731810N01341438EA0201102007004003034359356
B1028334731815N01341438EA0201102006004003034354002
B1028344731821N01341437EA0201102005004003037350003
B1028354731826N01341436EA0201002005004003037351013
B1028364731832N01341435EA0201102005004003035356010
B1028374731837N01341435EA0201002005004003035000004
B1028384731842N01341435EA0201002004004003035001006
B1028394731848N01341435EA0200902004004003037359359
B1028404731853N01341435EA0200902003004003037001015
B1028414731859N01341435EA0200902003004003036003012
B1028424731864N01341436EA0200802003004003036007014
B1028434731870N01341437EA0200702002004003035009010
B1028444731875N01341438EA0200602000004003035008012
B1028454731881N01341440EA0200401998004003037008020
B1028464731887N01341442EA0200301997004003043011025
B1028474731893N01341444EA0200301997004003043016029
B1028484731898N01341447EA0200501999004003040025032
B1028494731902N01341450EA0200502000004003035030030
B1028504731906N01341454EA0200501999004003033029022
B1028514731911N01341457EA0200501998004003036022009
B1028524731916N01341459EA0200401997004003039016006
B1028534731922N01341462EA0200301996004003039012008
B1028544731928N01341463EA0200301996004003040011004
B1028554731934N01341465EA0200401996004003040010005
B1028564731939N01341467EA0200401996004003038007003
B1028574731945N01341468EA0200301995004003038005001
B1028584731951N01341469EA0200201995004003037006011
B1028594731956N01341469EA0200101994004003037005358
B1029004731962N01341470EA0200001993004003037004000
B1029014731967N01341470EA0199901991004003037000353
B1029024731973N01341470EA0199601989004003039356354
B1029034731979N01341469EA0199501989004003039354007
B1029044731985N01341468EA0199601989004003041355006
B1029054731991N01341469EA0199701989004003041003018
B1029064731997N01341470EA0199601990004003041011021
B1029074732003N01341472EA0199601990004003041012012
B1029084732009N01341473EA0199601990004003039008001
B1029094732015N01341474EA0199601989004003039005006
B1029104732021N01341475EA0199601988004003039009013
B1029114732027N01341477EA0199501987004003044015013
B1029124732033N01341480EA0199301986004003044017004
B1029134732039N01341482EA0199201986004003044013000
B1029144732046N01341484EA0199201985004003043006356
B1029164732052N01341485EA0199201984004003042005003
B1029174732058N01341487EA0199201984004003043010013
B1029184732064N01341489EA0199101983004003043011011
B1029194732071N01341491EA0199101984004003043015004
E102919PEVBackground
B1029204732076N01341493EA0199101984004003042011357
B1029214732082N01341494EA0199101983004003038009005
B1029224732088N01341495EA0199101983004003041009007
B1029234732094N01341497EA0198901982004003041011015
B1029244732101N01341499EA0198801982004003043011010
B1029254732107N01341501EA0198701981004003043010003
B1029264732119N01341504EA0198701980004003042010000
B1029274732125N01341506EA0198501979004003042013359
B1029284732131N01341508EA0198401978004003042012000
B1029294732137N01341509EA0198301978004003041010002
B1029304732143N01341511EA0198201977004003038011004
B1029314732149N01341513EA0198101975004003040013009
B1029324732155N01341515EA0197901973004003040016008
B1029334732161N01341518EA0197701971004003041017000
B1029344732167N01341521EA0197601970004003042016000
B1029354732173N01341523EA0197401968004003041015357
B1029364732179N01341526EA0197201967004003041014001
B1029374732185N01341528EA0197101965004003040015010
B1029384732190N01341531EA0197001964004003040021018
B1029394732196N01341535EA0196901962004003041026012
B1029404732201N01341538EA0196701961004003042022356
B1029414732207N01341541EA0196601960004003042013348
B1029424732213N01341542EA0196501959004003041003342
B1029434732218N01341542EA0196401957004003039001354
B1029444732223N01341543EA0196301956004003036005004
B1029454732228N01341544EA0196201955004003034008004
B1029464732234N01341545EA0196001953004003035008005
E102947PEVForeground
B1029474732239N01341546EA0195901951004003035004353
B1029484732244N01341546EA0195701949004003035002002
B1029494732249N01341547EA0195501948004003034002358
B1029504732254N01341547EA0195401946004003035004008
B1029514732260N01341548EA0195301945004003036006355
B1029524732265N01341549EA0195201944004003035005352
B1029534732270N01341549EA0195101942004003035000332
B1029544732275N01341549EA0194901941004003033351333
B1029554732280N01341547EA0194801939004003031344345
B1029564732284N01341546EA0194601938004003031344344
B1029574732289N01341544EA0194501937004003031348004
B1029584732293N01341543EA0194401936004003032349356
B1029594732298N01341541EA0194401935004003032346345
B1030004732302N01341540EA0194301934004003030344345
B1030014732307N01341538EA0194201933004003030346000
B1030024732311N01341537EA0194101932004003030349004
B1030034732316N01341536EA0193901931004003031354016
B1030044732321N01341536EA0193801930004003033000011
B1030054732327N01341536EA0193701929004003037005023
B1030064732332N01341537EA0193601928004003037010020
B1030074732337N01341539EA0193601927004003035018021
B1030084732341N01341542EA0193401925004003033026027
B1030094732346N01341546EA0193301923004003033028014
B1030104732351N01341550EA0193001920004003043032029
B1030114732357N01341555EA0192801918004003044032005
B1030124732362N01341559EA0192701917004003043026352
B1030134732368N01341562EA0192601916004003041014348
B1030144732373N01341563EA0192401915004003036005358
B1030154732377N01341564EA0192301913004003032006000
B1030164732382N01341566EA0192101911004003033011022
B1030174732387N01341567EA0191701907004003033012010
B1030184732393N01341569EA0191501904004003035006003
B1030194732399N01341569EA0191101900004003038358356
B1030204732406N01341569EA0190901897004003047356000
B1030214732413N01341568EA0190801896004003048358001
B1030224732419N01341569EA0190701896004003047004009
B1030234732425N01341570EA0190601895004003043003352
B1030244732430N01341569EA0190501894004003037353337
B1030254732435N01341568EA0190301891004003033343338
B1030264732440N01341565EA0190001888004003037342350
B1030274732446N01341563EA0189601885004003037343350
B1030284732452N01341561EA0189401883004003041343348
B1030294732457N01341558EA0189301882004003041335332
B1030304732461N01341554EA0189301880004003032325333
B1030314732465N01341550EA0189201879004003032324337
B1030324732470N01341547EA0189001876004003032335352
B1030334732475N01341543EA0188701873004003037341349
B1030344732481N01341540EA0188401872004003042339333
B1030354732487N01341535EA0188201871004003041330325
B1030364732491N01341530EA0188301870004003041319324
B1030374732495N01341525EA0188301870004003038314342
B1030384732499N01341521EA0188301869004003033323346
B1030394732503N01341518EA0188101867004003031338355
B1030404732508N01341516EA0187801865004003034341350
B1030414732512N01341513EA0187601863004003036336347
B1030424732517N01341509EA0187501861004003036333350
B1030434732523N01341506EA0187401861004003036342007
B1030444732528N01341505EA0187301860004003038352014
B1030454732534N01341504EA0187301859004003039001007
B1030464732540N01341505EA0187201858004003039007008
B1030474732545N01341506EA0187201857004003037008007
B1030484732551N01341507EA0187101856004003037009005
B1030494732556N01341509EA0186901854004003037010003
B1030504732562N01341510EA0186801853004003041010001
B1030514732569N01341511EA0186801853004003041007349
B1030524732574N01341513EA0186701852004003041008349
B1030534732580N01341514EA0186601851004003039009350
B1030544732586N01341515EA0186501849004003038007350
B1030554732592N01341515EA0186301848004003040003355
B1030564732598N01341516EA0186001846004003040000002
B1030574732604N01341516EA0185901845004003040003015
B1030584732610N01341518EA0185901844004003040013022
B1030594732616N01341521EA0185801843004003042022023
B1031004732622N01341525EA0185701842004003043025016
B1031014732627N01341528EA0185601841004003043018353
B1031024732634N01341530EA0185601840004003042014359
B1031034732640N01341533EA0185501838004003042014005
B1031044732646N01341536EA0185301837004003044018025
B1031054732653N01341540EA0185201836004003047023022
B1031064732659N01341544EA0185101835004003047025024
B1031074732665N01341548EA0185001835004003047025018
B1031084732671N01341553EA0185101834004003044028036
B1031094732677N01341558EA0184901832004003044033033
B1031104732683N01341565EA0184801831004003047042044
B1031114732688N01341571EA0184501829004003048042031
B1031124732694N01341578EA0184501828004003047037016
B1031134732699N01341584EA0184401826004003047033026
B1031144732706N01341590EA0184201824004003047032030
B1031154732711N01341597EA0184001822004003051041043
B1031164732717N01341606EA0183701820004003055049051
B1031174732723N01341614EA0183401818004003055047026
B1031184732729N01341621EA0183201815004003055033007
B1031194732736N01341627EA0183101814004003054022015
B1031204732743N01341632EA0183101812004003050024034
B1031224732749N01341638EA0182801811004003050036051
B1031234732755N01341645EA0182601809004003050042047
B1031244732761N01341652EA0182501808004003050039035
B1031254732767N01341658EA0182401808004003048032028
B1031264732773N01341663EA0182401806004003048030040
B1031274732779N01341669EA0182301805004003047033046
B1031284732784N01341676EA0182001802004003047038044
B1031294732790N01341683EA0181801800004003050041038
B1031304732796N01341690EA0181601798004003052041030
B1031314732802N01341697EA0181401796004003050038014
B1031324732808N01341702EA0181301796004003050031022
B1031334732813N01341708EA0181201794004003046029028
B1031344732819N01341713EA0181001792004003046031042
B1031354732825N01341719EA0180801790004003049035050
B1031364732831N01341725EA0180501788004003049034037
B1031374732837N01341730EA0180501786004003049032044
B1031384732843N01341735EA0180601787004003048029034
B1031394732849N01341741EA0180601787004003043034048
B1031404732854N01341747EA0180501786004003044039052
B1031414732859N01341753EA0180301784004003044041047
B1031424732865N01341760EA0180101783004003046040041
B1031434732870N01341767EA0179901781004003048041043
B1031444732876N01341774EA0179801780004003049039030
B1031454732882N01341781EA0179801779004003049038027
B1031464732887N01341787EA0179701778004003049035023
B1031474732893N01341793EA0179501777004003046035023
B1031484732899N01341799EA0179401775004003046034024
B1031494732905N01341805EA0179301774004003048030015
B1031504732911N01341809EA0179201774004003048024007
B1031514732917N01341813EA0179201773004003046018007
B1031524732923N01341815EA0179101772004003043015006
B1031534732928N01341818EA0179101771004003040014010
B1031544732934N01341820EA0179001770004003040013010
B1031554732940N01341822EA0178801769004003040013010
B1031564732952N01341826EA0178501765004003040007009
B1031574732958N01341827EA0178301763004003040002010
B1031584732964N01341827EA0178201762004003040002014
B1031594732970N01341828EA0178001760004003040004019
B1032004732976N01341829EA0177901758004003040007024
B1032014732982N01341830EA0177701757004003041007017
B1032024732988N01341831EA0177501755004003041006015
B1032034732995N01341832EA0177401754004003042004012
B1032044733001N01341832EA0177301753004003042003015
B1032054733007N01341833EA0177201751004003042002015
B1032064733013N01341833EA0177101751004003041003019
B1032074733019N01341834EA0177001749004003041004023
B1032084733025N01341835EA0176901748004003043006023
B1032094733032N01341836EA0176901747004003044007022
B1032104733038N01341837EA0176801747004003044007025
B1032114733044N01341839EA0176801746004003044006019
B1032124733050N01341840EA0176701745004003042007007
B1032134733056N01341841EA0176501744004003040005358
B1032144733063N01341841EA0176301743004003041001348
B1032154733069N01341840EA0176101741004003041354347
B1032164733076N01341839EA0176001739004003043348348
B1032174733082N01341837EA0175901738004003045345355
B1032184733088N01341834EA0175901737004003043344354
B1032194733095N01341832EA0175901737004003043344004
B1032204733100N01341830EA0175801736004003041344011
B1032214733106N01341827EA0175701735004003040346015
B1032224733112N01341826EA0175501734004003040352022
B1032234733119N01341825EA0175401732004003043359025
B1032244733125N01341826EA0175201730004003045003027
B1032254733132N01341826EA0175001729004003045004026
B1032264733139N01341827EA0174901728004003045005026
B1032274733145N01341828EA0174901727004003044008031
B1032284733152N01341830EA0174801726004003043011020
B1032294733158N01341832EA0174701724004003043012019
B1032304733164N01341833EA0174601723004003043009012
B1032314733171N01341834EA0174401721004003043005012
B1032324733177N01341836EA0174301720004003044005022
B1032334733184N01341837EA0174201719004003044010031
B1032344733190N01341839EA0174101719004003044016039
B1032354733196N01341842EA0174101718004003041021030
B1032364733201N01341845EA0174001717004003038020018
B1032374733206N01341847EA0173901715004003037015012
B1032384733212N01341849EA0173701713004003040012012
B1032394733218N01341852EA0173401710004003043013018
B1032404733224N01341854EA0173201708004003043015023
B1032414733231N01341857EA0173001707004003045014018
B1032424733237N01341859EA0173001706004003045012017
B1032434733243N01341860EA0172901706004003039009013
B1032444733249N01341862EA0172801705004003039009019
B1032454733254N01341864EA0172801704004003037011022
B1032464733260N01341865EA0172601702004003037012019
B1032474733266N01341867EA0172401700004003038013017
B1032484733271N01341869EA0172201699004003040012016
B1032494733277N01341870EA0172001697004003040010013
B1032504733283N01341872EA0171901695004003040007012
B1032514733289N01341873EA0171701693004003040005011
B1032524733295N01341874EA0171501691004003041003012
B1032534733302N01341874EA0171401690004003043002009
B1032544733308N01341875EA0171401690004003043003009
B1032554733314N01341875EA0171301690004003043003005
B1032564733320N01341875EA0171301689004003041000005
B1032574733326N01341875EA0171201688004003038357008
B1032584733332N01341875EA0171101686004003039359012
B1032594733338N01341876EA0170801683004003043003016
B1033004733345N01341877EA0170601681004003043008021
B1033014733352N01341879EA0170401680004003046008016
B1033024733358N01341880EA0170401679004003046006015
B1033034733364N01341880EA0170301678004003040003012
B1033044733370N01341881EA0170201677004003040005017
B1033054733377N01341883EA0170101676004003040011029
B1033064733383N01341885EA0170001675004003042016026
B1033074733389N01341888EA0169901674004003044019025
B1033084733395N01341891EA0169901674004003043017008
B1033094733401N01341893EA0169701674004003043014004
B1033104733407N01341895EA0169701674004003040009351
B1033114733413N01341896EA0169601673004003040005356
B1033124733419N01341897EA0169701673004003040001358
B1033134733425N01341897EA0169601672004003041359357
B1033144733431N01341897EA0169601671004003042358000
B1033154733437N01341897EA0169501670004003041358001
B1033164733444N01341896EA0169401670004003041358008
B1033174733450N01341896EA0169301669004003041359008
B1033184733456N01341896EA0169201668004003042359007
B1033194733462N01341896EA0169201666004003043001013
B1033204733469N01341897EA0169001664004003043002018
B1033214733475N01341897EA0168801662004003044003005
B1033224733482N01341898EA0168501660004003044003358
B1033234733489N01341898EA0168201657004003045357345
B1033244733496N01341897EA0168001654004003046348342
B1033254733502N01341894EA0167801651004003046340354
B1033264733509N01341891EA0167801651004003046344018
B1033284733515N01341890EA0167601650004003039359024
B1033294733520N01341891EA0167401648004003039012025
B1033304733526N01341892EA0167301645004003038010008
B1033314733532N01341892EA0167001642004003038357353
B1033324733538N01341891EA0166601638004003039350355
B1033334733544N01341891EA0166301635004003043354016
B1033344733551N01341891EA0166001633004003045003022
B1033354733558N01341892EA0165801631004003045008022
B1033364733564N01341893EA0165701630004003046010019
B1033374733571N01341895EA0165701630004003046010017
B1033384733576N01341896EA0165701629004003037009011
B1033394733582N01341898EA0165601627004003037012013
B1033404733588N01341900EA0165301624004003037010011
B1033414733594N01341902EA0165001621004003041009006
B1033424733601N01341903EA0164901620004003046005004
B1033434733608N01341903EA0164801620004003047003006
B1033444733615N01341904EA0164901620004003047004009
B1033454733620N01341905EA0164901621004003041005008
B1033464733626N01341906EA0164901620004003036006009
B1033474733631N01341907EA0164601618004003036007008
B1033484733637N01341908EA0164301614004003041006009
B1033494733643N01341909EA0164101611004003046004010
B1033504733650N01341909EA0163801609004003046005013
B1033514733657N01341911EA0163701608004003046009020
B1033524733663N01341913EA0163701608004003045014021
B1033534733669N01341915EA0163601607004003039017020
B1033544733675N01341918EA0163501605004003039017012
B1033554733681N01341921EA0163301602004003039015010
B1033564733687N01341923EA0163001600004003042012008
B1033574733693N01341925EA0162801597004003044010009
B1033584733699N01341927EA0162501596004003043009008
B1033594733706N01341928EA0162401594004003043010019
B1034004733712N01341930EA0162301593004003042013025
B1034014733718N01341933EA0162201592004003041015019
B1034024733724N01341935EA0162001589004003041017017
B1034034733730N01341938EA0161701587004003042015002
B1034044733736N01341939EA0161501584004003042009003
B1034054733743N01341941EA0161301582004003042007005
B1034064733750N01341943EA0161101580004003046009010
B1034074733757N01341945EA0161001579004003047010001
B1034084733763N01341946EA0160901579004003043005350
B1034094733770N01341946EA0160901578004003043357348
B1034104733776N01341945EA0160801577004003039354001
B1034114733782N01341945EA0160701576004003039000016
B1034124733788N01341946EA0160501575004003040007020
B1034134733794N01341947EA0160301573004003043008019
B1034144733807N01341949EA0160001569004003044003012
B1034154733814N01341950EA0159901568004003044005017
B1034164733820N01341951EA0159801567004003044008010
B1034174733826N01341952EA0159701566004003041007006
B1034184733832N01341953EA0159601564004003041002006
B1034194733839N01341953EA0159501563004003041359004
B1034204733846N01341953EA0159301561004003043000005
B1034214733853N01341953EA0159101560004003047002006
B1034224733860N01341953EA0159101560004003044001356
B1034234733866N01341953EA0159001559004003044357357
B1034244733872N01341952EA0158901557004003041355356
B1034254733878N01341952EA0158801556004003041355006
B1034264733884N01341951EA0158601554004003041357006
B1034274733891N01341951EA0158401553004003043358010
B1034284733897N01341951EA0158301552004003043359005
B1034294733904N01341951EA0158101551004003042001012
B1034304733910N01341951EA0158001549004003042002011
B1034314733916N01341952EA0157901548004003042003013
B1034324733923N01341952EA0157801546004003045004021
B1034334733929N01341953EA0157501544004003045004018
B1034344733936N01341954EA0157301543004003045004023
B1034354733943N01341955EA0157201541004003045005022
B1034364733949N01341956EA0157101539004003045008027
B1034374733955N01341958EA0157001538004003043011037
B1034384733962N01341960EA0156801537004003043013022
B1034394733968N01341962EA0156701535004003041015026
B1034404733974N01341965EA0156601534004003041015021
B1034414733979N01341967EA0156401532004003041017029
B1034424733986N01341970EA0156201530004003043018031
B1034434733992N01341974EA0156101528004003044021036
B1034444733998N01341978EA0155901526004003043025048
B1034454734003N01341982EA0155801525004003042029038
B1034464734009N01341986EA0155601522004003042030030
B1034474734015N01341991EA0155401519004003049028034
B1034484734022N01341996EA0155201517004003051025028
B1034494734028N01342001EA0155001516004003051025029
B1034504734035N01342006EA0154901515004003051024029
B1034514734041N01342009EA0154801514004003047023024
B1034524734046N01342013EA0154701512004003037023024
B1034534734052N01342016EA0154401509004003040022023
B1034544734058N01342020EA0154101505004003040023027
B1034554734064N01342025EA0153701501004003046025031
B1034564734071N01342029EA0153401498004003050026027
B1034574734078N01342034EA0153201496004003052025035
B1034584734085N01342038EA0153101496004003052022067
B1034594734091N01342042EA0153301497004003048022042
B1035004734096N01342046EA0153401498004003040029047
B1035014734100N01342050EA0153401498004003033032034
B1035024734105N01342053EA0153301497004003034027030
B1035034734110N01342056EA0153201495004003039017022
B1035044734117N01342058EA0152901493004003039010023
B1035054734123N01342060EA0152901493004003047008026
B1035064734130N01342062EA0152901493004003047013045
B1035074734136N01342064EA0152901493004003037011034
B1035084734141N01342065EA0153001493004003037007020
B1035094734147N01342066EA0152801491004003037002354
B1035104734154N01342066EA0152601489004003039359358
B1035114734161N01342066EA0152501487004003044355355
B1035124734168N01342064EA0152301485004003051350346
B1035134734175N01342062EA0152201485004003051345332
B1035144734182N01342059EA0152301486004003049341336
B1035154734188N01342056EA0152301486004003048342353
B1035164734195N01342053EA0152301486004003045343342
B1035174734201N01342050EA0152201484004003045343337
B1035184734208N01342047EA0152001482004003047342327
B1035194734214N01342043EA0151801480004003047334333
B1035204734221N01342036EA0151701478004003049323321
B1035214734227N01342029EA0151801480004003051318332
B1035224734232N01342024EA0152001483004003040322355
B1035234734237N01342019EA0152301487004003040326336
B1035244734242N01342014EA0152601489004003038326326
B1035254734247N01342008EA0152801491004003038318311
B1035264734251N01342001EA0152901492004003042313305
B1035274734255N01341995EA0153101494004003040310332
B1035284734259N01341989EA0153301497004003040310319
B1035294734262N01341983EA0153501499004003035313346
B1035304734265N01341978EA0153601500004003032314338
B1035314734269N01341972EA0153601500004003032315332
B1035324734273N01341966EA0153601499004003040313328
B1035344734277N01341960EA0153601500004003042314334
B1035354734282N01341953EA0153701501004003042315340
B1035364734287N01341946EA0153801502004003042315342
B1035374734291N01341940EA0153901503004003041312338
B1035384734295N01341933EA0153901504004003041311328
B1035394734299N01341926EA0153801502004003041311336
B1035404734304N01341918EA0153801502004003043313328
B1035414734309N01341911EA0153701500004003045314315
B1035424734313N01341905EA0153501499004003042313321
B1035434734317N01341898EA0153401497004003042307308
B1035444734320N01341891EA0153201496004003039304310
B1035454734323N01341883EA0153001494004003039296308
B1035464734327N01341874EA0152801491004003042299315
B1035474734330N01341865EA0152601490004003048300310
B1035484734333N01341856EA0152501489004003048296295
B1035494734336N01341846EA0152401488004003048290288
B1035504734338N01341837EA0152401487004003044284290
B1035514734340N01341827EA0152301486004003044282299
B1035524734341N01341817EA0152201485004003048283310
B1035534734343N01341806EA0152101484004003049285300
B1035544734345N01341796EA0152101484004003049288314
B1035554734348N01341786EA0152201485004003049288304
B1035564734349N01341777EA0152301487004003047284289
B1035574734351N01341768EA0152401487004003037283304
B1035584734352N01341761EA0152401488004003037286301
B1035594734354N01341753EA0152401487004003037290301
B1036004734356N01341745EA0152201486004003037289299
B1036014734358N01341736EA0152101484004003040285294
B1036024734359N01341726EA0152001484004003047282300
B1036034734361N01341716EA0152101484004003047285320
B1036044734364N01341707EA0152101485004003047293321
B1036054734367N01341698EA0152301488004003046299314
B1036064734369N01341689EA0152701490004003045297322
B1036074734372N01341681EA0152901492004003037295293
B1036084734373N01341675EA0153101495004003037277313
B1036094734374N01341669EA0153101495004003028281318
B1036104734375N01341662EA0153101495004003028290315
B1036114734378N01341654EA0153001493004003033302320
B1036124734382N01341647EA0152901492004003046310326
B1036134734386N01341639EA0152901493004003046312309
B1036144734390N01341632EA0153001494004003045310304
B1036154734394N01341625EA0153201495004003041308318
B1036164734398N01341619EA0153201495004003039309310
B1036174734401N01341613EA0153101494004003036312323
B1036184734405N01341607EA0153001494004003036313305
B1036194734408N01341601EA0152901492004003035309303
B1036204734412N01341594EA0152701490004003035299295
B1036214734414N01341585EA0152601489004003041290292
B1036224734416N01341576EA0152601489004003044279285
B1036234734417N01341567EA0152601490004003044275286
B1036244734418N01341559EA0152701491004003040279305
B1036254734419N01341552EA0152801492004003036288308
B1036264734422N01341538EA0152801492004003033287289
B1036274734423N01341530EA0152801492004003037280294
B1036284734424N01341522EA0152901493004003037276297
B1036294734425N01341514EA0152901494004003037281305
B1036304734427N01341506EA0153001495004003036287304
B1036314734428N01341500EA0152901494004003031289301
B1036324734429N01341492EA0152801492004003034285288
B1036334734430N01341484EA0152701491004003034279288
B1036344734431N01341473EA0152701491004003043275285
B1036354734432N01341464EA0152701492004003045273291
B1036364734432N01341455EA0152901494004003036271277
B1036374734432N01341448EA0153101496004003036265272
B1036384734431N01341441EA0153201497004003030255254
B1036394734430N01341434EA0153201496004003030247256
B1036404734427N01341428EA0153001494004003032238240
B1036414734424N01341421EA0152801492004003042228216
B1036424734418N01341416EA0152801491004003046208185
B1036434734412N01341413EA0152701489004003045200167
B1036444734406N01341416EA0152701489004003046155150
B1036454734401N01341421EA0152701490004003045138135
B1036464734397N01341426EA0152701491004003034127135
B1036474734394N01341432EA0152701490004003034122121
B1036484734391N01341438EA0152601489004003034120114
B1036494734388N01341446EA0152501487004003035115104
B1036504734386N01341455EA0152301486004003042110087
B1036514734384N01341463EA0152201486004003041103089
B1036524734383N01341472EA0152301486004003041097091
B1036534734383N01341480EA0152301486004003039092086
B1036544734382N01341488EA0152201485004003036090099
B1036554734382N01341497EA0152101484004003036089090
B1036564734382N01341506EA0151901482004003041089100
B1036574734383N01341515EA0151801481004003042088110
B1036584734383N01341524EA0151601480004003041086098
B1036594734384N01341533EA0151601480004003041081100
B1037004734385N01341542EA0151701480004003041081101
B1037014734385N01341551EA0151701480004003039086096
B1037024734385N01341559EA0151601479004003039092098
B1037034734385N01341567EA0151501479004003038091095
B1037044734385N01341576EA0151501478004003038086090
B1037054734386N01341585EA0151501478004003042084088
B1037064734386N01341595EA0151501477004003042090085
B1037074734385N01341603EA0151401477004003042100089
B1037084734384N01341612EA0151401477004003040104093
B1037094734383N01341621EA0151401476004003040099094
B1037104734382N01341630EA0151301476004003041093094
B1037114734382N01341639EA0151301475004003041092086
B1037124734380N01341649EA0151301475004003045103085
B1037134734378N01341659EA0151201475004003045109103
B1037144734376N01341668EA0151301476004003048108102
B1037154734374N01341678EA0151301476004003048108109
B1037164734372N01341688EA0151401476004003044109112
B1037174734370N01341696EA0151501476004003044114110
B1037184734367N01341704EA0151401476004003042118112
B1037194734364N01341713EA0151501477004003042120119
B1037204734360N01341721EA0151601478004003044122122
B1037214734357N01341730EA0151801481004003043121132
B1037224734354N01341737EA0152201486004003043112119
B1037234734353N01341744EA0152601489004003036105123
B1037244734351N01341750EA0152801492004003030104123
B1037254734350N01341757EA0153001493004003030113121
B1037264734347N01341762EA0153001493004003030131127
B1037274734343N01341766EA0153001492004003031153139
B1037284734339N01341767EA0152901492004003031175158
B1037294734334N01341767EA0152801491004003033192186
B1037304734330N01341764EA0152801490004003034210209
B1037314734326N01341759EA0152601489004003036227234
B1037324734323N01341752EA0152501488004003040245255
B1037334734322N01341743EA0152401486004003040268274
B1037344734323N01341733EA0152201485004003044289295
B1037354734326N01341724EA0152201486004003048306309
B1037364734331N01341717EA0152401487004003044318319
B1037374734335N01341711EA0152701491004003044323328
B1037384734339N01341706EA0153101495004003038318340
B1037404734343N01341701EA0153401497004003037320347
B1037414734348N01341698EA0153501498004003036341348
B1037424734354N01341697EA0153501497004003045003003
B1037434734361N01341699EA0153501497004003045016017
B1037444734368N01341704EA0153501498004003053031028
B1037454734374N01341712EA0153801502004003053050040
B1037464734378N01341720EA0154001504004003044065057
B1037474734379N01341727EA0154301507004003044086068
B1037484734380N01341734EA0154501509004003034086091
B1037494734381N01341741EA0154601510004003030079088
B1037504734381N01341748EA0154701511004003030082091
B1037514734381N01341756EA0154701512004003039094096
B1037524734380N01341765EA0154901513004003042105104
B1037534734378N01341773EA0155001516004003040115112
B1037544734375N01341779EA0155201518004003040131121
B1037554734372N01341783EA0155401519004003032154135
B1037564734369N01341784EA0155401518004003024169153
B1037574734365N01341785EA0155401518004003030178163
B1037584734360N01341785EA0155201516004003030180174
B1037594734354N01341784EA0155201516004003036194179
B1038004734349N01341779EA0155201517004003042217196
B1038014734345N01341772EA0155301517004003041243217
B1038024734344N01341764EA0155401518004003042268240
B1038034734344N01341755EA0155201517004003041284266
B1038044734345N01341747EA0155201516004003039281280
B1038054734347N01341739EA0155101515004003039289281
B1038064734349N01341730EA0155101516004003043288293
B1038074734355N01341713EA0155501520004003043301306
B1038084734358N01341707EA0155801523004003042307310
B1038094734361N01341701EA0156001525004003035311311
B1038104734364N01341695EA0156201527004003030312309
B1038114734367N01341689EA0156101526004003035306311
B1038124734370N01341682EA0156001525004003035300301
B1038134734373N01341673EA0155901525004003042296307
B1038144734377N01341664EA0156101527004003048297319
B1038154734380N01341657EA0156301530004003040306320
B1038164734384N01341651EA0156601531004003040319330
B1038174734389N01341645EA0156701533004003037324320
B1038184734394N01341639EA0156801533004003037322314
B1038194734399N01341633EA0156901535004003043316313
B1038204734403N01341625EA0157101536004003047306295
B1038214734406N01341617EA0157301539004003047297293
B1038224734408N01341610EA0157601542004003041281261
B1038234734408N01341603EA0157701543004003032260248
B1038244734406N01341597EA0157701543004003030238238
B1038254734403N01341592EA0157701542004003033222208
B1038264734400N01341588EA0157701542004003033204199
B1038274734395N01341587EA0157701542004003033179171
B1038284734390N01341590EA0157801543004003034151142
B1038294734386N01341597EA0158101546004003041120119
B1038304734385N01341606EA0158401549004003045089089
B1038314734386N01341614EA0158701552004003045067083
B1038324734388N01341621EA0158901555004003041061077
B1038334734389N01341628EA0159001556004003034070089
B1038344734391N01341635EA0159001556004003034076092
B1038354734392N01341645EA0158901555004003046076083
B1038364734394N01341655EA0159001557004003053073083
B1038374734397N01341665EA0159301560004003046069077
B1038384734399N01341673EA0159501563004003046067079
B1038394734400N01341680EA0159701564004003035068089
B1038404734402N01341687EA0159701565004003034070079
B1038414734404N01341695EA0159701565004003040073083
B1038424734406N01341704EA0159801566004003040072091
B1038434734408N01341713EA0159901568004003041068100
B1038444734410N01341721EA0160101569004003041071098
B1038454734411N01341729EA0160201569004003037083110
B1038464734411N01341737EA0160201569004003040086114
B1038474734410N01341748EA0160201570004003040093104
B1038484734411N01341758EA0160501572004003045090106
B1038494734410N01341767EA0160801576004003045092126
B1038504734409N01341774EA0161101579004003034101138
B1038514734406N01341779EA0161401581004003034123150
B1038524734401N01341781EA0161401580004003034172151
B1038534734396N01341782EA0161501582004003037185190
B1038544734391N01341780EA0161701584004003037197204
B1038554734386N01341777EA0161901586004003034210222
B1038564734382N01341773EA0162001587004003034226238
B1038574734379N01341767EA0162001588004003034231247
B1038584734379N01341759EA0161801586004003034271248
B1038594734379N01341750EA0161701585004003039281273
B1039004734381N01341741EA0161601585004003047293282
B1039014734385N01341731EA0161901589004003050305294
B1039024734389N01341724EA0162201593004003047315306
B1039034734393N01341719EA0162801597004003045326316
B1039044734397N01341715EA0163201601004003036329326
B1039054734401N01341712EA0163401604004003028336326
B1039064734405N01341709EA0163601606004003032342332
B1039074734410N01341707EA0163601608004003032340339
B1039084734416N01341706EA0163701607004003033356338
B1039094734422N01341707EA0163801608004003041008356
B1039104734428N01341710EA0163901609004003042027010
B1039114734432N01341716EA0164001610004003043048032
B1039124734436N01341723EA0164101611004003043050054
B1039134734438N01341733EA0164201613004003044080057
B1039144734440N01341742EA0164601617004003045080091
B1039154734441N01341751EA0164901620004003042080097
B1039164734442N01341760EA0165201624004003042085099
B1039174734441N01341767EA0165501626004003036103106
B1039184734439N01341774EA0165601628004003035119119
B1039194734436N01341780EA0165701628004003034132132
B1039204734433N01341785EA0165801630004003032142149
B1039214734429N01341789EA0166001631004003032142158
B1039224734426N01341793EA0166201633004003028149161
B1039234734422N01341794EA0166301634004003026169168
B1039244734418N01341794EA0166301633004003026194185
B1039254734413N01341790EA0166301633004003038212201
B1039264734409N01341785EA0166301634004003041228218
B1039274734406N01341778EA0166301634004003040245230
B1039284734404N01341769EA0166301634004003041261245
B1039294734404N01341760EA0166401635004003041279259
B1039304734406N01341750EA0166401636004003048295275
B1039314734409N01341741EA0166701640004003048303292
B1039324734412N01341733EA0167201645004003046297303
B1039334734414N01341725EA0167701651004003043287298
B1039344734416N01341718EA0168201655004003036286296
B1039354734417N01341712EA0168501658004003025293291
B1039364734419N01341707EA0168701659004003028300292
B1039374734422N01341701EA0168701659004003028307299
B1039384734426N01341696EA0168601658004003032316304
B1039394734431N01341691EA0168501658004003038330317
B1039404734437N01341688EA0168601659004003045346333
B1039414734443N01341688EA0168701660004003047004350
B1039424734450N01341690EA0168701660004003047020008
B1039434734456N01341695EA0168701661004003049032024
B1039444734462N01341701EA0168801662004003049040042
B1039454734467N01341708EA0169001664004003046043050
B1039464734472N01341715EA0169301666004003046050060
B1039474734476N01341723EA0169401668004003045060066
B1039484734478N01341731EA0169601669004003042075075
B1039494734479N01341741EA0169701671004003046084087
B1039504734480N01341752EA0169801672004003049092097
B1039514734479N01341761EA0170001675004003046102104
B1039524734477N01341769EA0170301679004003044115115
B1039534734475N01341774EA0170601681004003033133125
B1039544734472N01341777EA0170701682004003023157144
B1039554734468N01341779EA0170701681004003027166165
B1039564734464N01341780EA0170701681004003027169174
B1039574734459N01341781EA0170801682004003032178189
B1039584734454N01341779EA0170901682004003034200202
B1039594734450N01341775EA0170901683004003037222220
B1040004734446N01341768EA0171001684004003037242231
B1040014734443N01341760EA0171301687004003041248244
B1040024734441N01341751EA0171601691004003046246253
B1040034734438N01341743EA0172001696004003037246252
B1040044734437N01341736EA0172501701004003037257254
B1040054734437N01341730EA0172801705004003027279260
B1040064734438N01341725EA0173101707004003022296274
B1040074734439N01341720EA0173101708004003022294287
B1040084734441N01341713EA0173101707004003033288290
B1040094734443N01341706EA0173101708004003038293293
B1040104734446N01341699EA0173101709004003038304302
B1040114734450N01341693EA0173301711004003039317310
B1040124734454N01341688EA0173501713004003039332322
B1040134734459N01341686EA0173601713004003035347337
B1040144734464N01341685EA0173601712004003038001348
B1040154734470N01341686EA0173501710004003038003007
B1040164734477N01341686EA0173401709004003044005011
B1040174734484N01341689EA0173301709004003049012018
B1040184734491N01341693EA0173401709004003047031024
B1040194734496N01341700EA0173301708004003048050044
B1040204734499N01341709EA0173201707004003048069061
B1040214734502N01341719EA0173101707004003050079079
B1040224734503N01341729EA0173201708004003050086089
B1040234734503N01341739EA0173501711004003041095095
B1040244734502N01341747EA0173901716004003041108106
B1040254734500N01341753EA0174201719004003035121118
B1040264734497N01341758EA0174501721004003030136132
B1040274734495N01341762EA0174601723004003027139146
B1040284734491N01341767EA0174701724004003033135145
B1040294734488N01341773EA0174801724004003037128142
B1040304734485N01341780EA0174901726004003037125147
B1040314734481N01341786EA0175101728004003039132158
B1040324734476N01341791EA0175301730004003039150159
B1040334734471N01341793EA0175501732004003036176180
B1040344734466N01341792EA0175601732004003037194190
B1040354734460N01341790EA0175601733004003037199206
B1040364734455N01341788EA0175701734004003037198218
B1040374734450N01341785EA0175901736004003037206224
B1040384734446N01341779EA0176001737004003037228235
B1040394734443N01341772EA0176101738004003038253252
B1040404734443N01341764EA0176101739004003038279266
B1040414734444N01341756EA0176301741004003038293284
B1040424734446N01341750EA0176401744004003037296290
B1040434734448N01341743EA0176801747004003031295297
B1040444734450N01341736EA0177001749004003033294297
B1040454734452N01341729EA0177201751004003033291300
B1040464734454N01341721EA0177301752004003037289300
B1040474734457N01341713EA0177501754004003040300297
B1040484734461N01341707EA0177601755004003045316310
B1040494734467N01341701EA0177701755004003048331323
B1040504734474N01341698EA0177701756004003048348335
B1040514734481N01341697EA0177801757004003052001352
B1040524734488N01341698EA0178001759004003052008005
B1040534734494N01341699EA0178201761004003038012010
B1040544734499N01341701EA0178301761004003038018014
B1040554734504N01341705EA0178201760004003038026020
B1040564734510N01341709EA0177901757004003038031030
B1040574734516N01341716EA0177801756004003046041038
B1040584734521N01341725EA0177601754004003055053048
B1040594734524N01341736EA0177701756004003055074060
B1041004734526N01341747EA0178001757004003055075082
B1041014734525N01341757EA0178201760004003050108083
B1041024734523N01341765EA0178401763004003045121116
B1041034734520N01341772EA0178601765004003036120129
B1041044734515N01341776EA0178701767004003039150130
B1041054734510N01341780EA0178801768004003039151162
B1041064734504N01341781EA0179101770004003039167163
B1041074734498N01341781EA0179401772004003040180179
B1041084734492N01341779EA0179801777004003040195192
B1041094734486N01341777EA0180201782004003040196205
B1041104734482N01341774EA0180701788004003039201207
B1041114734477N01341771EA0181101792004003034209217
B1041124734473N01341767EA0181401795004003034217228
B1041134734469N01341763EA0181701799004003029226231
B1041144734466N01341757EA0182001801004003033236240
B1041154734464N01341750EA0182201803004003033254245
B1041164734463N01341741EA0182301805004003036266255
B1041174734463N01341732EA0182501808004003041267266
B1041184734462N01341722EA0182901812004003043268268
B1041194734463N01341714EA0183301817004003043282276
B1041204734465N01341707EA0183701819004003036304285
B1041214734469N01341701EA0183801820004003036320301
B1041224734473N01341697EA0183801821004003037329315
B1041234734478N01341692EA0183901822004003038326324
B1041244734483N01341687EA0183901822004003039327324
B1041254734488N01341684EA0184101823004003039339327
B1041264734494N01341683EA0184001822004003040358341
B1041274734500N01341684EA0184001821004003040020359
B1041284734506N01341689EA0183801820004003049031022
B1041294734512N01341695EA0183801820004003049037033
B1041304734517N01341701EA0183901822004003049043043
B1041314734521N01341708EA0184101823004003045056049
B1041324734523N01341716EA0184201824004003039073063
B1041334734525N01341724EA0184201824004003041085087
B1041344734524N01341734EA0184001823004003045093100
B1041354734523N01341744EA0184001822004003045102111
B1041364734521N01341754EA0184201825004003047114119
B1041374734518N01341762EA0184501828004003047127138
B1041384734513N01341769EA0184901832004003039142151
B1041394734509N01341773EA0185301836004003039149161
B1041404734505N01341778EA0185701839004003036144165
B1041414734501N01341783EA0186001843004003034138155
B1041424734497N01341788EA0186201845004003033139164
B1041434734493N01341792EA0186301846004003037146182
B1041444734487N01341795EA0186401847004003043161177
B1041454734480N01341796EA0186501849004003043180195
B1041464734474N01341795EA0186701851004003049194219
B1041474734468N01341791EA0186901853004003049209217
B1041484734463N01341785EA0187101855004003041230235
B1041494734459N01341778EA0187201856004003042242240
B1041504734456N01341769EA0187301858004003042247249
B1041514734454N01341761EA0187501860004003042249259
B1041524734452N01341752EA0187701862004003039252259
B1041534734450N01341744EA0188001865004003039260258
B1041544734450N01341736EA0188201869004003036269265
B1041554734450N01341729EA0188501871004003034277271
B1041564734451N01341723EA0188801875004003024284273
B1041574734452N01341717EA0189001876004003026288281
B1041584734453N01341712EA0189001876004003026285285
B1041594734454N01341705EA0188901875004003026283292
B1042004734455N01341698EA0188901875004003036284297
B1042014734458N01341691EA0188901876004003036297301
B1042024734461N01341686EA0189001876004003036319314
B1042044734466N01341682EA0189001877004003036342323
B1042054734471N01341681EA0189101877004003044356345
B1042064734483N01341682EA0189501881004003042012007
B1042074734487N01341685EA0189801884004003036031012
B1042084734490N01341688EA0189901884004003028042037
B1042094734494N01341692EA0189901885004003030040047
B1042104734497N01341698EA0189801883004003035051048
B1042114734501N01341705EA0189701883004003035051061
B1042124734504N01341713EA0189601883004003039059069
B1042134734507N01341722EA0189601883004003044070080
B1042144734508N01341731EA0189701884004003044080094
B1042154734509N01341741EA0189801884004003046086106
B1042164734509N01341751EA0189701883004003046095111
B1042174734508N01341762EA0189701883004003047104115
B1042184734505N01341771EA0189701883004003048116130
B1042194734501N01341780EA0189701884004003047131142
B1042204734496N01341787EA0189901886004003047143149
B1042214734490N01341792EA0190201888004003047148162
B1042224734485N01341797EA0190401890004003046155177
B1042234734479N01341799EA0190601892004003043169190
B1042244734473N01341799EA0190801894004003042190197
B1042254734466N01341795EA0191001895004003052204216
B1042264734460N01341790EA0191201899004003052217230
B1042274734454N01341783EA0191601903004003052226263
B1042284734451N01341777EA0192001907004003044235263
B1042294734449N01341771EA0192201909004003026248264
B1042304734447N01341765EA0192301910004003030258263
B1042314734446N01341757EA0192301910004003030261269
B1042324734445N01341748EA0192401911004003039261280
B1042334734444N01341738EA0192601913004003041263281
B1042344734444N01341730EA0192801915004003037270283
B1042354734445N01341721EA0192901917004003038279283
B1042364734446N01341713EA0193001918004003038285287
B1042374734447N01341704EA0193201921004003041287289
B1042384734449N01341696EA0193301922004003041291292
B1042394734452N01341689EA0193501923004003036298292
B1042404734455N01341683EA0193601924004003036311298
B1042414734459N01341678EA0193601925004003034327308
B1042424734463N01341675EA0193701925004003034333322
B1042434734467N01341673EA0193801927004003033344327
B1042444734471N01341673EA0194001927004003028008338
B1042454734475N01341675EA0193901927004003033029358
B1042464734480N01341680EA0193801926004003033040025
B1042474734485N01341686EA0193801926004003041044040
B1042484734489N01341692EA0194001927004003041045054
B1042494734491N01341698EA0194201931004003031066061
B1042504734492N01341705EA0194301932004003031090072
B1042514734493N01341712EA0194301932004003031088098
B1042524734491N01341722EA0194301931004003033103093
B1042534734491N01341732EA0194401933004003045096094
B1042544734490N01341742EA0194601935004003045095100
B1042554734489N01341751EA0194901938004003045097112
B1042564734488N01341759EA0195101939004003040104117
B1042574734486N01341768EA0195201941004003040112127
B1042584734483N01341776EA0195301943004003041119127
B1042594734480N01341785EA0195501945004003044121124
B1043004734476N01341793EA0195801948004003045122131
B1043014734473N01341801EA0196201952004003044123141
B1043024734469N01341809EA0196601956004003044125147
B1043034734465N01341816EA0196901959004003042131146
B1043044734460N01341823EA0197201962004003044138152
B1043054734455N01341828EA0197501965004003044148178
B1043064734450N01341832EA0197801968004003043159181
B1043074734445N01341834EA0198101971004003040169189
B1043084734439N01341835EA0198301973004003038179201
B1043094734433N01341835EA0198501975004003037189209
B1043104734428N01341832EA0198701977004003038202228
B1043114734423N01341828EA0198801978004003038214232
B1043124734419N01341823EA0198901980004003038225246
B1043134734415N01341817EA0199101982004003038231250
B1043144734411N01341810EA0199301984004003039238259
B1043154734409N01341802EA0199501986004003039252267
B1043164734408N01341793EA0199601988004003039272275
B1043174734410N01341785EA0199801989004003040291290
B1043184734413N01341777EA0200001992004003043306304
B1043194734416N01341770EA0200301996004003038312313
B1043204734419N01341765EA0200701999004003038312317
B1043214734421N01341762EA0200902002004003025317313
B1043224734423N01341760EA0201102003004003016329315
B1043234734425N01341758EA0201102002004003016337321
B1043244734429N01341757EA0200902001004003026342330
B1043254734433N01341755EA0200801999004003035346340
B1043264734439N01341754EA0200902001004003035352345
B1043274734444N01341754EA0201102003004003037003356
B1043284734449N01341755EA0201302005004003037011002
B1043294734454N01341757EA0201502006004003035022008
B1043304734459N01341761EA0201502007004003037032019
B1043314734464N01341765EA0201602008004003037035031
B1043324734468N01341771EA0201802010004003041037035
B1043334734473N01341776EA0202102014004003041043054
B1043344734476N01341781EA0202402017004003029050054
B1043354734479N01341786EA0202602019004003029056049
B1043364734481N01341794EA0202702019004003029066059
B1043374734483N01341803EA0202602019004003038076074
B1043384734484N01341814EA0202602020004003048088094
B1043394734484N01341826EA0202802023004003055096096
B1043404734482N01341837EA0203302028004003055106115
B1043414734480N01341847EA0203902033004003053111132
B1043424734477N01341856EA0204302038004003047114119
B1043434734475N01341864EA0204702042004003039111121
B1043444734474N01341872EA0205102045004003036107118
B1043454734471N01341880EA0205302048004003038111128
B1043464734468N01341887EA0205502049004003038125141
B1043474734464N01341893EA0205702051004003042145153
B1043484734458N01341896EA0205902053004003044169171
B1043494734451N01341897EA0206002056004003044183192
B1043504734446N01341897EA0206302058004003044183201
B1043514734440N01341893EA0206602061004003039207211
B1043524734436N01341890EA0206802063004003036214233
B1043534734431N01341884EA0207002065004003035225240
B1043544734428N01341878EA0207102067004003037234253
B1043554734425N01341871EA0207202068004003038243257
B1043564734423N01341863EA0207402071004003038252264
B1043584734422N01341855EA0207702073004003038263270
B1043594734422N01341847EA0207802075004003035277276
B1044004734423N01341840EA0208102078004003035286286
B1044014734424N01341832EA0208402081004003034285292
B1044024734425N01341825EA0208602084004003034284295
B1044034734426N01341819EA0208902087004003034286295
B1044044734428N01341812EA0209202089004003029294297
B1044054734431N01341807EA0209302091004003031306302
B1044064734434N01341801EA0209502093004003031317311
B1044074734437N01341797EA0209702095004003031323317
B1044084734440N01341795EA0209902097004003029334324
B1044094734443N01341793EA0210102099004003020343339
B1044104734446N01341792EA0210102098004003020348342
B1044114734449N01341791EA0210002097004003020351348
B1044124734453N01341791EA0209802094004003022357000
B1044134734457N01341791EA0209502092004003027008013
B1044144734462N01341794EA0209302090004003041025021
B1044154734468N01341801EA0209202088004003050046044
B1044164734471N01341811EA0209002087004003050067060
B1044174734473N01341822EA0208902086004003055083074
B1044184734474N01341833EA0208902087004003055091087
B1044194734474N01341843EA0209002087004003047095093
B1044204734473N01341854EA0209002087004003047098105
B1044214734472N01341864EA0208902086004003047104110
B1044224734469N01341875EA0208902086004003047111112
B1044234734466N01341885EA0209002087004003052119124
B1044244734461N01341894EA0209502092004003054129148
B1044254734457N01341902EA0209902097004003054136158
B1044264734452N01341907EA0210202100004003044145151
B1044274734447N01341912EA0210602103004003036155156
B1044284734442N01341916EA0210902105004003036152152
B1044294734436N01341920EA0211102107004003045153151
B1044304734430N01341925EA0211202109004003045153167
B1044314734424N01341928EA0211302110004003042157178
B1044324734418N01341930EA0211402110004003041168191
B1044334734412N01341931EA0211402110004003041183204
B1044344734406N01341929EA0211402110004003045187216
B1044354734395N01341916EA0211602113004003045238248
B1044364734393N01341907EA0211802117004003044259261
B1044374734393N01341899EA0212102120004003041272277
B1044384734393N01341893EA0212502123004003029278283
B1044394734393N01341886EA0212802127004003029276288
B1044404734393N01341881EA0213002129004003026272287
B1044414734393N01341875EA0213202131004003025275283
B1044424734394N01341870EA0213302131004003024291285
B1044434734396N01341865EA0213102130004003027304297
B1044444734399N01341860EA0213002129004003029310307
B1044454734401N01341855EA0213002129004003029308311
B1044464734404N01341851EA0213002129004003029313315
B1044474734408N01341846EA0213002129004003031317320
B1044484734411N01341841EA0213202130004003034319322
B1044494734415N01341836EA0213302132004003034317325
B1044504734418N01341831EA0213502134004003033315331
B1044514734422N01341827EA0213702136004003031317330
B1044524734425N01341823EA0213902138004003029322336
B1044534734429N01341821EA0214202141004003029336341
B1044544734433N01341818EA0214302142004003030338347
B1044554734437N01341817EA0214502143004003029347351
B1044564734441N01341816EA0214702145004003029349343
B1044574734445N01341815EA0214902146004003029356341
B1044584734450N01341814EA0215002147004003032351331
B1044594734455N01341812EA0215102149004003032342332
B1045004734459N01341810EA0215202150004003032333342
B1045014734463N01341807EA0215402153004003030334341
B1045024734467N01341806EA0215602154004003029351002
B1045034734471N01341806EA0215802156004003031009000
B1045044734476N01341807EA0215902156004003031004346
B1045054734481N01341806EA0216002158004003031354328
B1045064734486N01341805EA0216202159004003034347335
B1045074734491N01341803EA0216302161004003034345336
B1045084734495N01341801EA0216302162004003025340334
B1045094734498N01341799EA0216402163004003025328323
B1045104734501N01341796EA0216402162004003024323330
B1045114734505N01341793EA0216302161004003024326339
B1045124734509N01341790EA0216102159004003027333334
B1045134734513N01341787EA0215902157004003035335333
B1045144734518N01341783EA0215702155004003037330329
B1045154734522N01341779EA0215502153004003037325329
B1045164734528N01341774EA0215402152004003040326345
B1045174734533N01341770EA0215302151004003041333353
B1045184734539N01341767EA0215202151004003040343356
B1045194734544N01341765EA0215202150004003040349345
B1045204734550N01341763EA0215202149004003039348334
B1045214734556N01341760EA0215002146004003039342328
B1045224734562N01341757EA0214702144004003040339330
B1045234734568N01341754EA0214502141004003048342335
B1045244734575N01341752EA0214302140004003049345336
B1045254734582N01341749EA0214202139004003048343329
B1045264734588N01341745EA0214102137004003046338327
B1045274734594N01341742EA0214002136004003043336331
B1045284734600N01341739EA0213802133004003042339331
B1045294734607N01341736EA0213602131004003046347337
B1045304734614N01341734EA0213302129004003046348336
B1045314734620N01341731EA0213202128004003048342323
B1045324734627N01341726EA0213102127004003048332313
B1045334734633N01341722EA0213202127004003050332342
B1045344734641N01341718EA0213202127004003050343001
B1045354734647N01341717EA0213102127004003050356005
B1045364734654N01341716EA0213102127004003047001354
B1045374734660N01341715EA0212902125004003044352333
B1045384734667N01341713EA0212702122004003044343334
B1045394734674N01341710EA0212402119004003049342341
B1045404734681N01341707EA0212202117004003049347352
B1045414734689N01341706EA0212102116004003054352352
B1045424734697N01341704EA0212002116004003054352339
B1045434734703N01341701EA0212102117004003045342327
B1045444734710N01341698EA0212202117004003045335331
B1045454734716N01341694EA0212202117004003043339345
B1045464734723N01341692EA0212302118004003043350355
B1045474734729N01341691EA0212302120004003046356346
B1045484734736N01341689EA0212502122004003042344315
B1045494734741N01341685EA0212802123004003042322310
B1045504734745N01341679EA0212802124004003038312322
B1045514734749N01341674EA0212802125004003037315336
B1045524734753N01341670EA0212802125004003033326342
B1045534734757N01341666EA0212702124004003032329331
B1045544734761N01341661EA0212602122004003035323328
B1045554734765N01341656EA0212402119004003035317325
B1045564734770N01341650EA0212202117004003040321343
B1045574734776N01341645EA0212102116004003043332352
B1045584734782N01341641EA0211902115004003043340347
B1045594734788N01341638EA0211802115004003043340337
B1046004734793N01341634EA0211802115004003041330328
B1046014734798N01341629EA0211702113004003041324332
B1046024734803N01341624EA0211602112004003041329348
B1046044734809N01341621EA0211402109004003042342352
B1046054734816N01341619EA0211302109004003050349341
B1046064734823N01341616EA0211302109004003050342325
B1046074734829N01341611EA0211502110004003050328331
B1046084734835N01341606EA0211502110004003046326344
B1046094734840N01341603EA0211502110004003038340002
B1046104734846N01341602EA0211402109004003039000001
B1046114734852N01341602EA0211102107004003039004358
B1046124734859N01341601EA0211002105004003043355340
B1046134734866N01341599EA0211002105004003045346337
B1046144734873N01341596EA0211002105004003049343352
B1046154734880N01341594EA0211102106004003049349005
B1046164734887N01341594EA0211202107004003049001011
B1046174734894N01341595EA0211202107004003048010002
B1046184734901N01341596EA0211302107004003048009355
B1046194734908N01341597EA0211202106004003047358338
B1046204734915N01341595EA0211102105004003047349346
B1046214734922N01341594EA0211002104004003047348001
B1046224734928N01341593EA0210902103004003043356002
B1046234734934N01341593EA0210802101004003043004005
B1046244734941N01341594EA0210602100004003045005354
B1046254734948N01341594EA0210502098004003045359343
B1046264734954N01341593EA0210302097004003045348338
B1046274734961N01341590EA0210202096004003045342348
B1046284734967N01341588EA0210202095004003044345000
B1046294734973N01341587EA0210002094004003042353006
B1046304734980N01341586EA0209802092004003043356358
B1046314734986N01341585EA0209602090004003043352351
B1046324734992N01341583EA0209402088004003044346348
B1046334734999N01341580EA0209202086004003045343354
B1046344735005N01341578EA0209102084004003044345000
B1046354735012N01341576EA0209002083004003044349002
B1046364735018N01341574EA0208902081004003044351000
B1046374735024N01341572EA0208702079004003043348354
B1046384735031N01341570EA0208502077004003043346358
B1046394735037N01341568EA0208302075004003045347358
B1046404735044N01341567EA0208102073004003046351005
B1046414735051N01341565EA0207902071004003046355006
B1046424735058N01341564EA0207802070004003046356359
B1046434735064N01341564EA0207702070004003046354352
B1046444735077N01341561EA0207602069004003042351351
B1046454735083N01341560EA0207602068004003041351358
B1046464735089N01341559EA0207402067004003041353354
B1046474735095N01341558EA0207302065004003041354356
B1046484735102N01341557EA0207202064004003042354350
B1046494735108N01341556EA0207102063004003042352352
B1046504735114N01341555EA0207002062004003042352356
B1046514735120N01341554EA0206902061004003041355003
B1046524735126N01341554EA0206802060004003040359000
B1046534735133N01341554EA0206702058004003042001005
B1046544735139N01341554EA0206502057004003045000359
B1046554735146N01341554EA0206502057004003045358002
B1046564735152N01341553EA0206502057004003045359002
B1046574735158N01341554EA0206502058004003042003358
B1046584735164N01341554EA0206502058004003037006001
B1046594735170N01341555EA0206502057004003038006355
B1047004735176N01341556EA0206302056004003038003343
B1047014735182N01341556EA0206302055004003039359353
B1047024735188N01341556EA0206302055004003041358356
B1047034735194N01341556EA0206302056004003041001359
B1047044735200N01341556EA0206402056004003041002358
B1047054735206N01341557EA0206402057004003039000347
B1047064735212N01341556EA0206402056004003039356355
B1047074735218N01341556EA0206402056004003040355349
B1047084735224N01341555EA0206402056004003041357001
E104709PEVBackground
B1047094735230N01341555EA0206502057004003041357359
B1047104735236N01341555EA0206602058004003041001359
B1047114735241N01341556EA0206702059004003040007014
B1047124735248N01341557EA0206802061004003040013012
B1047134735254N01341559EA0206702062004003045013005
B1047144735261N01341561EA0206902063004003045009001
B1047154735267N01341562EA0207202065004003045008010
B1047164735274N01341564EA0207402068004003045011018
B1047174735280N01341566EA0207602071004003044014017
B1047184735286N01341569EA0207902073004003040016014
B1047194735291N01341571EA0208002074004003040013004
B1047204735297N01341572EA0208002075004003039008352
B1047214735303N01341573EA0208102075004003039002348
B1047224735309N01341573EA0208102076004003039354345
B1047234735314N01341571EA0208002076004003038346348
B1047244735320N01341569EA0208202076004003040345354
B1047254735327N01341569EA0208302077004003040356006
B1047264735333N01341570EA0208202077004003042010005
B1047274735340N01341571EA0208102078004003044011357
B1047284735346N01341571EA0208202078004003045357338
B1047294735353N01341569EA0208402079004003045345341
B1047304735359N01341568EA0208502080004003043349007
B1047314735365N01341568EA0208502080004003041003026
B1047324735371N01341570EA0208302079004003041012022
B1047334735377N01341572EA0208202078004003045008359
B1047344735384N01341571EA0208102077004003045356349
B1047354735390N01341570EA0208202077004003044349357
B1047364735396N01341570EA0208202076004003041357022
B1047374735402N01341571EA0208102075004003041009023
B1047384735409N01341573EA0208102075004003045015013
B1047394735416N01341575EA0208102075004003048010010
B1047404735423N01341576EA0208002074004003048003358
B1047414735430N01341576EA0208002075004003048002010
B1047424735437N01341577EA0208202076004003047005013
B1047434735443N01341579EA0208302077004003044012028
B1047444735449N01341581EA0208302077004003044012007
B1047454735456N01341582EA0208302078004003043004000
B1047464735462N01341582EA0208302077004003043358356
B1047474735469N01341582EA0208302077004003046000009
B1047484735477N01341583EA0208202076004003049009024
B1047494735483N01341587EA0208102075004003049019021
B1047504735490N01341590EA0208102075004003048022014
B1047514735497N01341592EA0207902074004003047015355
B1047524735504N01341594EA0207902073004003046008000
B1047534735510N01341596EA0207802072004003047008012
B1047544735518N01341599EA0207702071004003049014020
B1047554735525N01341602EA0207702071004003049021024
B1047564735532N01341606EA0207602071004003050022016
B1047574735539N01341610EA0207602071004003050020011
B1047584735546N01341613EA0207702072004003048018007
B1047594735552N01341617EA0207702072004003048018010
B1048004735559N01341620EA0207702072004003048020007
B1048014735566N01341624EA0207702072004003049019010
B1048024735573N01341627EA0207602071004003050016002
B1048034735580N01341630EA0207602071004003050011000
B1048044735588N01341631EA0207702071004003050007355
B1048054735595N01341633EA0207702072004003050007003
B1048064735602N01341635EA0207802073004003049010014
B1048074735609N01341637EA0207902074004003046014002
B1048084735615N01341640EA0207802072004003046016007
B1048104735622N01341642EA0207702071004003049012359
B1048114735630N01341644EA0207502069004003049009006
B1048124735638N01341647EA0207402068004003053011019
B1048134735646N01341650EA0207502069004003059017024
B1048144735654N01341654EA0207602071004003059021016
B1048154735661N01341658EA0207802073004003054020002
B1048164735668N01341660EA0208002074004003047014356
B1048174735674N01341663EA0208002074004003046011006
B1048184735682N01341666EA0208002073004003050013009
B1048194735689N01341669EA0207902072004003050016026
B1048204735697N01341673EA0207802072004003054019031
B1048214735704N01341677EA0207702071004003054021016
E104821PEVForeground
B1048224735712N01341680EA0207702071004003049022017
B1048234735718N01341684EA0207702070004003049022020
B1048244735725N01341688EA0207602068004003048022021
B1048254735732N01341693EA0207402067004003048025025
B1048264735739N01341698EA0207202065004003050029026
B1048274735746N01341704EA0207102064004003054030024
B1048284735753N01341710EA0207102063004003054029021
B1048294735759N01341715EA0207102063004003052027017
B1048304735766N01341720EA0207002062004003050026021
B1048314735772N01341725EA0207002061004003048026022
B1048324735779N01341730EA0206902060004003049029025
B1048334735785N01341736EA0206802059004003051031019
B1048344735792N01341741EA0206602058004003051028009
B1048354735799N01341746EA0206502057004003051022008
B1048364735813N01341754EA0206402056004003050019014
B1048374735820N01341758EA0206402056004003050020010
B1048384735827N01341761EA0206402055004003049017004
B1048394735834N01341764EA0206302054004003047014004
B1048404735841N01341766EA0206102053004003047013006
B1048414735848N01341769EA0206002051004003050014011
B1048424735855N01341772EA0205802050004003052015011
B1048434735863N01341775EA0205702049004003052014007
B1048444735871N01341778EA0205602048004003052013004
B1048454735878N01341780EA0205602047004003052012007
B1048464735885N01341783EA0205502047004003049012008
B1048474735893N01341785EA0205502046004003049013008
B1048484735900N01341788EA0205402046004003048013004
B1048494735907N01341790EA0205302044004003048012001
B1048504735914N01341792EA0205202043004003049010355
B1048514735922N01341794EA0205102042004003050007356
B1048524735929N01341795EA0204902041004003051005000
B1048534735937N01341796EA0204802040004003051006005
B1048544735944N01341798EA0204702039004003051008003
B1048554735952N01341800EA0204702039004003051008359
B1048564735959N01341801EA0204602038004003047008354
B1048574735965N01341802EA0204602037004003047005355
B1048584735972N01341803EA0204402035004003046359343
B1048594735979N01341802EA0204302034004003046355357
B1049004735986N01341802EA0204202033004003047355003
B1049014735994N01341802EA0204002031004003051000011
B1049024736002N01341802EA0203902030004003053004013
B1049034736010N01341803EA0203802029004003053002357
B1049044736018N01341803EA0203802029004003054000004
B1049054736026N01341803EA0203902030004003054001014
B1049064736033N01341804EA0204002031004003052006008
B1049074736041N01341806EA0204202033004003053012008
B1049084736049N01341809EA0204402034004003053014006
B1049094736056N01341810EA0204502036004003053009338
B1049104736063N01341811EA0204602037004003046001343
B1049114736070N01341811EA0204602037004003048357341
B1049124736078N01341811EA0204702037004003052358002
B1049134736086N01341812EA0204802039004003052002358
B1049144736093N01341812EA0205102042004003052006006
B1049154736101N01341813EA0205402045004003051007357
B1049164736108N01341815EA0205602047004003044007001
B1049174736114N01341816EA0205602048004003044005005
B1049184736121N01341817EA0205702049004003044007010
B1049194736129N01341819EA0205702049004003049011021
B1049204736137N01341822EA0205702050004003054017030
B1049214736144N01341826EA0205902052004003052023032
B1049224736151N01341831EA0206102054004003052028038
B1049234736157N01341836EA0206202055004003049029023
B1049244736163N01341841EA0206402056004003045031035
B1049254736168N01341846EA0206402056004003043032026
B1049264736174N01341852EA0206202054004003046035030
B1049274736180N01341859EA0206102053004003052040033
B1049284736186N01341867EA0206002052004003052045036
B1049294736191N01341875EA0206002053004003055046025
B1049304736197N01341883EA0206102054004003055039357
B1049314736203N01341888EA0206102055004003042026003
B1049324736209N01341891EA0206202054004003042015001
B1049334736215N01341894EA0206102054004003042018007
B1049344736222N01341897EA0206002053004003043014010
B1049354736229N01341900EA0206002052004003049016005
B1049364736236N01341903EA0206002053004003051012002
B1049374736243N01341904EA0206002053004003051004357
B1049384736250N01341905EA0206102054004003046358349
B1049394736256N01341905EA0206102053004003043358002
B1049404736263N01341905EA0206102053004003043001354
B1049414736269N01341905EA0206002052004003041000353
B1049424736275N01341904EA0205802050004003042355342
B1049434736282N01341904EA0205602048004003042353354
B1049444736288N01341903EA0205302046004003044354352
B1049454736295N01341902EA0205302044004003046356000
B1049464736302N01341902EA0205102043004003043359345
B1049474736308N01341902EA0205002041004003043000345
B1049484736314N01341901EA0204802039004003041356338
B1049494736320N01341900EA0204602037004003040352337
B1049504736326N01341899EA0204302034004003040350339
B1049514736333N01341897EA0204102032004003043350339
B1049524736339N01341896EA0203902029004003044349336
B1049534736345N01341893EA0203702027004003043345326
B1049544736351N01341890EA0203502025004003043337315
B1049554736356N01341886EA0203302023004003040329318
B1049564736361N01341882EA0203102020004003037326326
B1049574736366N01341878EA0202802018004003039329327
B1049584736372N01341874EA0202602016004003039334336
B1049594736378N01341870EA0202402014004003042334328
B1050004736383N01341865EA0202202012004003042328315
B1050014736387N01341860EA0202102011004003037317314
B1050024736391N01341854EA0202002010004003039310326
B1050034736396N01341848EA0201902008004003038317337
B1050044736400N01341844EA0201702007004003038335345
B1050054736406N01341842EA0201602006004003038347341
B1050064736411N01341839EA0201302003004003038345321
B1050074736416N01341835EA0201102001004003038328308
B1050084736420N01341829EA0200901998004003038313318
B1050094736425N01341823EA0200701996004003040314336
B1050104736430N01341819EA0200501994004003041334347
B1050114736436N01341817EA0200301992004003043352353
B1050124736441N01341816EA0200101991004003043358339
B1050134736447N01341814EA0200001989004003040347345
B1050144736451N01341812EA0199901988004003034342349
B1050164736455N01341808EA0199601985004003028321323
B1050174736459N01341805EA0199401981004003032328344
B1050184736463N01341801EA0199001978004003032331329
B1050194736469N01341798EA0198701974004003036336328
B1050204736475N01341795EA0198501972004003045344327
B1050214736481N01341792EA0198401972004003045342331
B1050224736486N01341787EA0198301972004003044329319
B1050234736491N01341783EA0198301972004003038329312
B1050244736495N01341778EA0198201970004003038324329
B1050254736500N01341772EA0198101970004003039323334
B1050264736505N01341769EA0198001969004003039338331
B1050274736510N01341766EA0198001969004003038343318
B1050284736515N01341763EA0197901967004003035336303
B1050294736519N01341759EA0197701966004003032320299
B1050304736527N01341747EA0197301962004003039313330
B1050314736531N01341741EA0197201961004003038313315
B1050324736534N01341736EA0197201961004003038316325
B1050334736538N01341731EA0197201960004003034319317
B1050344736542N01341726EA0197001958004003032319316
B1050354736545N01341721EA0196801956004003033311306
B1050364736548N01341714EA0196601953004003033302302
B1050374736551N01341707EA0196301951004003038299303
B1050384736554N01341699EA0196201949004003042302316
B1050394736558N01341691EA0196101949004003040307312
B1050404736562N01341685EA0196001949004003040311315
B1050414736565N01341679EA0196001949004003037306302
B1050424736567N01341672EA0196001949004003033298313
B1050434736570N01341666EA0195901948004003033296307
B1050444736573N01341659EA0195801947004003036299318
B1050454736576N01341652EA0195801946004003040302319
B1050464736579N01341645EA0195901947004003039304321
B1050474736582N01341639EA0195901947004003039309316
B1050484736585N01341633EA0196001948004003034310322
B1050494736588N01341628EA0196001948004003031306314
B1050504736591N01341622EA0195901947004003035307312
B1050514736595N01341615EA0195801946004003035311322
B1050524736599N01341609EA0195701945004003039318328
B1050534736604N01341604EA0195601945004003041320324
B1050544736608N01341597EA0195601945004003041316312
B1050554736612N01341591EA0195701945004003041311308
B1050564736616N01341584EA0195701946004003041310308
B1050574736621N01341577EA0196001948004003041313339
B1050584736625N01341572EA0196201951004003041325333
B1050594736630N01341568EA0196501954004003038330326
B1051004736635N01341563EA0196701956004003038329318
B1051014736639N01341558EA0196901958004003036319316
B1051024736643N01341553EA0197101960004003035311324
B1051034736646N01341548EA0197101960004003034312329
B1051044736650N01341543EA0197001959004003035319339
B1051054736655N01341538EA0196901958004003039326334
B1051064736660N01341533EA0196901957004003039328321
B1051074736665N01341527EA0196801957004003043322314
B1051084736669N01341521EA0196901957004003043312308
B1051094736673N01341514EA0196901958004003037312314
B1051104736676N01341509EA0196901957004003037306330
B1051114736679N01341503EA0196801956004003035311315
B1051124736683N01341497EA0196601954004003035311315
B1051134736687N01341489EA0196401953004003040304299
B1051144736690N01341481EA0196501952004003046298304
B1051154736693N01341472EA0196501953004003046298308
B1051164736696N01341464EA0196601955004003045300326
B1051174736700N01341456EA0196801957004003041304325
B1051184736702N01341450EA0197001959004003039302310
B1051194736705N01341443EA0197201961004003032297310
B1051204736707N01341438EA0197201963004003032304309
B1051214736710N01341429EA0197201962004003032297313
B1051224736713N01341422EA0197301962004003043301309
B1051234736717N01341414EA0197301962004003043300301
B1051244736719N01341406EA0197401963004003042297307
B1051254736722N01341398EA0197401963004003042294308
B1051264736724N01341390EA0197501963004003038292311
B1051274736726N01341383EA0197401963004003036290300
B1051284736728N01341374EA0197301961004003036285286
B1051294736729N01341365EA0197101960004003042276275
B1051304736729N01341356EA0197001959004003045264265
B1051314736728N01341346EA0196801958004003045255273
B1051324736726N01341337EA0196801958004003045253286
B1051334736725N01341328EA0196801958004003043260296
B1051344736725N01341320EA0196801958004003038271293
B1051354736725N01341311EA0196801958004003038280303
B1051364736726N01341303EA0196801957004003038281304
B1051374736728N01341295EA0196801957004003037286317
B1051384736730N01341289EA0196701956004003035299321
B1051394736733N01341283EA0196601955004003038316326
B1051404736738N01341278EA0196501954004003042330334
B1051414736744N01341275EA0196501953004003042345344
B1051424736750N01341274EA0196501953004003042002355
B1051434736755N01341276EA0196501953004003040021006
B1051444736761N01341280EA0196401952004003040023017
B1051454736765N01341285EA0196301950004003041034017
B1051464736769N01341292EA0196101949004003041052029
B1051474736773N01341300EA0196001947004003043056050
B1051484736776N01341309EA0196001947004003046067055
B1051494736778N01341319EA0195901947004003044081066
B1051504736778N01341328EA0195901946004003044096077
B1051514736777N01341338EA0195801945004003044107091
B1051524736775N01341347EA0195701944004003044115108
B1051534736771N01341356EA0195501943004003047121120
B1051544736768N01341365EA0195501943004003045125120
B1051554736764N01341372EA0195601943004003045127127
B1051564736760N01341379EA0195501942004003041127113
B1051574736757N01341386EA0195301940004003039127127
B1051584736753N01341394EA0195101938004003039123117
B1051594736749N01341402EA0195001936004003046124130
B1052004736745N01341410EA0194901935004003048129132
B1052014736740N01341418EA0194801935004003047136140
B1052024736735N01341424EA0194701934004003047141145
B1052034736730N01341430EA0194801935004003045144146
B1052044736725N01341435EA0194801935004003039146146
B1052054736721N01341439EA0194801935004003039147146
B1052064736716N01341444EA0194701934004003037144134
B1052074736711N01341449EA0194601932004003037142131
B1052084736706N01341455EA0194401930004003040142132
B1052094736701N01341462EA0194301930004003048142147
B1052104736695N01341467EA0194301930004003048143148
B1052114736690N01341472EA0194301931004003043146158
B1052124736686N01341477EA0194401931004003038148148
B1052134736681N01341482EA0194401930004003038145144
B1052144736676N01341487EA0194501930004003042144137
B1052154736671N01341492EA0194401930004003042147162
B1052164736665N01341497EA0194501931004003042146154
B1052174736660N01341501EA0194601932004003041150158
B1052184736655N01341505EA0194601932004003040152147
B1052194736651N01341510EA0194701932004003036144122
B1052204736647N01341516EA0194601931004003040129109
B1052214736643N01341525EA0194501929004003040113096
B1052224736641N01341534EA0194301928004003047109087
B1052234736641N01341546EA0194201927004003052090090
B1052244736641N01341556EA0194201927004003052086083
B1052254736641N01341567EA0194401929004003049083082
B1052264736642N01341578EA0194601930004003049084086
B1052274736642N01341589EA0194701934004003046088087
B1052284736642N01341599EA0195001937004003046087101
B1052294736643N01341609EA0195301939004003044084106
B1052304736643N01341618EA0195601942004003044086105
B1052314736643N01341627EA0195701944004003038091114
B1052324736643N01341635EA0195801945004003038095113
B1052334736642N01341644EA0195901945004003038097097
B1052344736642N01341654EA0195901945004003041095091
B1052354736642N01341664EA0195901945004003047086070
B1052364736643N01341674EA0196001946004003047074064
B1052374736646N01341683EA0196001946004003047062054
B1052384736649N01341693EA0196001946004003048062035
B1052394736654N01341700EA0196201948004003048042039
B1052404736659N01341706EA0196201948004003043028006
B1052414736665N01341709EA0196201947004003043009359
B1052424736672N01341708EA0196001945004003043349346
B1052434736678N01341705EA0195801942004003046329327
B1052444736683N01341699EA0195601942004003046313315
B1052454736686N01341693EA0195601942004003038305317
B1052464736689N01341686EA0195601942004003038299297
B1052474736691N01341680EA0195601941004003032288288
B1052484736692N01341673EA0195401940004003031273264
B1052494736692N01341665EA0195201938004003031259253
B1052504736690N01341658EA0195001936004003040245246
B1052514736687N01341650EA0194701934004003043233234
B1052524736683N01341643EA0194601933004003043224233
B1052534736678N01341637EA0194401932004003043217235
B1052544736673N01341632EA0194301931004003041213229
B1052554736668N01341627EA0194301930004003044209209
B1052564736662N01341623EA0194301930004003045201193
B1052574736656N01341621EA0194301930004003044184171
B1052584736649N01341623EA0194401930004003045164163
B1052594736643N01341628EA0194701933004003046144140
B1053004736638N01341634EA0194901936004003048130128
B1053014736635N01341642EA0195101939004003048117145
B1053024736632N01341650EA0195301940004003041108133
B1053034736630N01341657EA0195501941004003036109131
B1053044736628N01341665EA0195401940004003036114121
B1053054736625N01341674EA0195401939004003048113103
B1053064736623N01341685EA0195301939004003054104078
B1053074736622N01341696EA0195401940004003054088069
B1053084736624N01341707EA0195501941004003054071055
B1053094736627N01341717EA0195601942004003051060057
B1053104736629N01341726EA0195601942004003046062061
B1053114736632N01341736EA0195601942004003049069064
B1053124736635N01341747EA0195401941004003049071073
B1053134736638N01341757EA0195301941004003050067064
B1053144736641N01341767EA0195401940004003050062053
B1053154736644N01341777EA0195401940004003051061053
B1053164736648N01341787EA0195401940004003053059051
B1053174736652N01341797EA0195601942004003053056038
B1053184736657N01341807EA0195701943004003054055042
B1053194736661N01341816EA0195801944004003054055028
B1053204736664N01341822EA0195901945004003037046031
B1053214736669N01341827EA0195901944004003037032017
B1053224736674N01341832EA0195701941004003037023009
B1053234736679N01341835EA0195501939004003038016000
B1053244736685N01341836EA0195401937004003042005340
B1053254736691N01341836EA0195201936004003040350322
B1053264736696N01341833EA0195201936004003040329318
B1053274736700N01341828EA0195201936004003036307301
B1053284736702N01341822EA0195101935004003034292296
B1053294736704N01341816EA0195001935004003032284298
B1053304736705N01341809EA0194901934004003031281293
B1053314736706N01341802EA0194701933004003032277289
B1053324736706N01341795EA0194601932004003032271285
B1053334736706N01341787EA0194401930004003034269286
B1053344736706N01341778EA0194201928004003037271292
B1053354736707N01341770EA0194101927004003040272289
B1053364736707N01341761EA0194001927004003040270282
B1053374736706N01341753EA0193901926004003038264280
B1053384736705N01341745EA0193801925004003035256266
B1053394736704N01341738EA0193701924004003034250263
B1053404736702N01341730EA0193501922004003037245251
B1053414736699N01341723EA0193301920004003038239242
B1053424736696N01341716EA0193001917004003038229229
B1053434736691N01341710EA0192801915004003039218222
B1053444736686N01341705EA0192701913004003041209232
B1053454736680N01341700EA0192501913004003045206230
B1053464736675N01341696EA0192601914004003045208253
B1053474736671N01341692EA0192801916004003038210243
B1053484736667N01341688EA0192901917004003030219242
B1053494736664N01341684EA0193001918004003028228250
B1053504736661N01341679EA0193001918004003029235257
B1053514736659N01341674EA0193001918004003030229249
B1053524736655N01341670EA0193101920004003029214242
B1053534736652N01341668EA0193201921004003028200236
B1053544736648N01341665EA0193301922004003026200236
B1053554736645N01341662EA0193201922004003024217236
B1053564736643N01341658EA0193201921004003028230241
B1053574736640N01341653EA0193201921004003028233245
B1053584736637N01341647EA0193301923004003034231251
B1053594736634N01341642EA0193501926004003034235255
B1054004736632N01341637EA0193701927004003025248264
B1054014736631N01341631EA0193801928004003028258267
B1054024736630N01341624EA0193901929004003028260257
B1054034736629N01341616EA0194001929004003033260266
B1054044736628N01341608EA0194201931004003038262271
B1054054736629N01341600EA0194401934004003036273291
B1054064736630N01341594EA0194701935004003036305327
B1054074736634N01341590EA0194801935004003033336335
B1054084736639N01341588EA0194701933004003033345336
B1054094736645N01341585EA0194601933004003039342342
B1054104736650N01341582EA0194601933004003040344009
B1054114736656N01341582EA0194601933004003040005016
B1054124736662N01341586EA0194601932004003040028029
B1054134736667N01341592EA0194501931004003044045038
B1054144736672N01341599EA0194401930004003047054050
B1054154736675N01341607EA0194401930004003041057064
B1054164736678N01341614EA0194401930004003041061067
B1054174736681N01341621EA0194401929004003037069074
B1054184736682N01341629EA0194301928004003037080086
B1054194736682N01341638EA0194101926004003038092100
B1054204736682N01341648EA0193901923004003043096112
B1054214736681N01341657EA0193701922004003043099111
B1054224736680N01341665EA0193601920004003042106119
B1054234736678N01341674EA0193501919004003042111130
B1054244736675N01341683EA0193301917004003042115138
B1054254736672N01341692EA0193201916004003048121142
B1054264736667N01341700EA0193101915004003048135164
B1054274736662N01341705EA0193201916004003047159175
B1054284736656N01341706EA0193301917004003044179187
B1054294736651N01341706EA0193501919004003034194208
B1054304736647N01341704EA0193801922004003034201214
B1054314736643N01341702EA0194001925004003028200221
B1054324736639N01341700EA0194201927004003025204226
B1054334736636N01341697EA0194301929004003024217228
B1054344736633N01341694EA0194401930004003025225237
B1054354736631N01341690EA0194501931004003024224223
B1054364736628N01341687EA0194501931004003023219223
B1054374736625N01341684EA0194401931004003024214219
B1054384736622N01341681EA0194401930004003027211226
B1054394736619N01341677EA0194301929004003027211230
B1054404736615N01341674EA0194301930004003029215246
B1054414736612N01341670EA0194301930004003029225244
B1054424736609N01341664EA0194401930004003030241258
B1054434736608N01341658EA0194301929004003030254275
B1054444736607N01341652EA0194201928004003030265281
B1054454736607N01341645EA0194101927004003030273287
B1054464736608N01341637EA0193901925004003033282298
B1054474736610N01341628EA0193801924004003042294316
B1054484736612N01341620EA0194001925004003042300311
B1054494736615N01341614EA0194201929004003041301320
B1054504736617N01341609EA0194501932004003031303307
B1054514736619N01341605EA0194601931004003026310308
B1054524736622N01341601EA0194501930004003025312310
B1054534736625N01341596EA0194301928004003031315322
B1054544736629N01341591EA0194101926004003031320338
B1054554736634N01341586EA0194001925004003038332337
B1054564736640N01341584EA0193901924004003044347348
B1054574736647N01341583EA0193901924004003047003004
B1054584736653N01341585EA0193901923004003047017017
B1054594736660N01341588EA0193901924004003046018021
B1055004736664N01341593EA0193801923004003044038027
B1055014736669N01341598EA0193801923004003038043040
B1055024736673N01341605EA0193701921004003040053049
B1055034736676N01341613EA0193501920004003043060061
B1055044736679N01341621EA0193301918004003043069071
B1055054736680N01341631EA0193201917004003045079084
B1055064736681N01341641EA0193101915004003045090098
B1055074736680N01341651EA0193001914004003045100105
B1055084736678N01341660EA0192901913004003046108109
B1055094736676N01341670EA0192701911004003046114127
B1055104736673N01341679EA0192601910004003048119129
B1055114736669N01341688EA0192501910004003048126139
B1055124736664N01341696EA0192401908004003047128153
B1055134736659N01341703EA0192301907004003048143152
B1055144736653N01341710EA0192201905004003048148155
B1055154736646N01341715EA0192101904004003051152160
B1055164736639N01341721EA0192201906004003053155192
B1055174736632N01341725EA0192601910004003044159196
B1055184736627N01341727EA0193001914004003044165201
B1055194736623N01341729EA0193101915004003031163180
B1055204736620N01341731EA0193201916004003024158172
B1055214736615N01341733EA0193101915004003024164181
B1055224736609N01341735EA0193001914004003043169185
B1055234736603N01341736EA0193101915004003046176195
B1055244736596N01341736EA0193201917004003043177195
B1055254736591N01341737EA0193501919004003042175196
B1055264736585N01341738EA0193601921004003037172204
B1055274736580N01341739EA0193701921004003035171204
B1055284736575N01341740EA0193601920004003035171192
B1055294736569N01341741EA0193401918004003035176208
B1055304736564N01341741EA0193301916004003038184223
B1055314736559N01341738EA0193101914004003038208228
B1055324736555N01341733EA0192801911004003034234240
B1055334736552N01341727EA0192401908004003037240245
B1055344736549N01341720EA0192201906004003037234239
B1055354736545N01341713EA0192101905004003038233259
B1055364736543N01341706EA0192001904004003038249274
B1055374736543N01341699EA0191901903004003036272281
B1055384736544N01341691EA0191801902004003038287285
B1055394736545N01341683EA0191701901004003037294299
B1055404736547N01341676EA0191601901004003037293297
B1055414736549N01341668EA0191601900004003035289306
B1055424736551N01341661EA0191501899004003036290308
B1055434736553N01341653EA0191401899004003038299306
B1055444736557N01341647EA0191301898004003038312320
B1055454736561N01341641EA0191301897004003039326321
B1055464736566N01341637EA0191301896004003039331329
B1055474736570N01341633EA0191101894004003034332332
B1055484736575N01341630EA0190901892004003036335337
B1055494736581N01341627EA0190601889004003036341340
B1055504736587N01341624EA0190401886004003041345345
B1055514736594N01341622EA0190201885004003046347339
B1055524736600N01341620EA0190101884004003046346339
B1055534736607N01341617EA0190101885004003046346354
B1055544736612N01341616EA0190201885004003042351003
B1055554736618N01341616EA0190201884004003038001001
B1055564736624N01341617EA0190001883004003038008006
B1055574736630N01341618EA0189901882004003043009007
B1055584736636N01341619EA0189801881004003043010015
B1055594736642N01341621EA0189801881004003042012019
B1056004736647N01341623EA0189801880004003038020028
B1056014736653N01341627EA0189601878004003038028032
B1056024736657N01341631EA0189401877004003039034038
B1056034736662N01341637EA0189201874004003042041046
B1056044736666N01341644EA0189001873004003042053051
B1056054736670N01341650EA0188801869004003042050053
B1056064736673N01341659EA0188701869004003043062040
B1056074736677N01341666EA0188501866004003039059034
B1056084736680N01341674EA0188201864004003040058043
B1056094736683N01341682EA0188101861004003040062046
B1056104736685N01341691EA0187801858004003043069054
B1056114736687N01341701EA0187501855004003045074055
B1056124736689N01341711EA0187101852004003047074055
B1056134736691N01341721EA0187101851004003047074054
B1056144736693N01341731EA0187001849004003047078067
B1056154736694N01341741EA0186801848004003046082062
B1056164736695N01341750EA0186601847004003044081053
B1056174736696N01341759EA0186501845004003042075048
B1056184736698N01341768EA0186401843004003042071049
B1056194736701N01341778EA0186101840004003042069052
B1056204736703N01341787EA0185901837004003045069056
B1056214736706N01341797EA0185701836004003047068054
B1056224736708N01341807EA0185501835004003047069054
B1056234736710N01341816EA0185401833004003047070066
B1056244736712N01341826EA0185201832004003044071057
B1056254736714N01341835EA0185101829004003044073071
B1056264736716N01341845EA0184901827004003045077066
B1056274736717N01341856EA0184601824004003052081075
B1056284736718N01341867EA0184401823004003052084078
B1056294736719N01341878EA0184301822004003051086085
B1056304736719N01341889EA0184201820004003048086079
B1056314736720N01341899EA0184001819004003046088086
B1056324736720N01341909EA0183801816004003048090092
B1056344736720N01341920EA0183601814004003051094095
B1056354736719N01341932EA0183501812004003051098102
B1056364736717N01341943EA0183301810004003052103103
B1056374736715N01341955EA0183001808004003053105115
B1056384736713N01341966EA0183001807004003053107110
B1056394736711N01341976EA0182801806004003051109107
B1056404736708N01341986EA0182701804004003048110113
B1056414736706N01341996EA0182601802004003048107099
B1056424736703N01342008EA0182501800004003054107104
B1056434736701N01342019EA0182301799004003055106103
B1056444736699N01342031EA0182101797004003055106102
B1056454736697N01342042EA0181901796004003055105094
B1056464736694N01342052EA0181901794004003052105101
B1056474736692N01342063EA0181701792004003048105090
B1056484736691N01342073EA0181501790004003049104092
B1056494736689N01342084EA0181201787004003049100082
B1056504736688N01342095EA0180901783004003050096085
B1056514736688N01342107EA0180601780004003052091074
B1056524736688N01342118EA0180401778004003051089066
B1056534736688N01342129EA0180001774004003051085062
B1056544736689N01342140EA0179701769004003051084061
B1056554736689N01342153EA0179101765004003052083062
B1056564736691N01342167EA0178901763004003060080065
B1056574736693N01342179EA0178801762004003058071048
B1056584736696N01342189EA0178801762004003058062054
B1056594736700N01342198EA0178801762004003050057045
B1057004736702N01342206EA0178701761004003042059054
B1057014736705N01342213EA0178401758004003037061052
B1057024736708N01342221EA0177901753004003044061059
B1057034736712N01342231EA0177501748004003054057060
B1057044736717N01342242EA0177401745004003054056049
B1057054736724N01342264EA0177201748004003059071065
B1057064736725N01342273EA0177401748004003040078097
B1057074736726N01342282EA0177301747004003040085088
B1057084736726N01342290EA0177001744004003039091076
B1057094736727N01342301EA0176601739004003039088076
B1057104736727N01342313EA0176201735004003049084075
B1057114736728N01342325EA0176001735004003057082081
B1057124736729N01342336EA0176001735004003057088098
B1057134736728N01342347EA0176001734004003050098110
B1057144736727N01342357EA0175901733004003046103099
B1057154736726N01342367EA0175701731004003046102094
B1057164736724N01342378EA0175501728004003053099091
B1057174736723N01342390EA0175501727004003057100097
B1057184736721N01342402EA0175401727004003056105100
B1057194736718N01342413EA0175401728004003056109106
B1057204736716N01342423EA0175501729004003051112112
B1057214736713N01342433EA0175601729004003044111107
B1057224736711N01342442EA0175501728004003044108109
B1057234736709N01342452EA0175501728004003044106101
B1057244736707N01342463EA0175501727004003048108107
B1057254736704N01342473EA0175501727004003051111109
B1057264736701N01342483EA0175501728004003049115113
B1057274736698N01342493EA0175501729004003049117105
B1057284736695N01342501EA0175601729004003045119117
B1057294736692N01342510EA0175601729004003044118116
B1057304736688N01342519EA0175601728004003044118120
B1057314736685N01342529EA0175501727004003052119123
B1057324736680N01342538EA0175501727004003053122126
B1057334736676N01342548EA0175401727004003052124133
B1057344736672N01342557EA0175601729004003052125128
B1057354736668N01342565EA0175801730004003048125115
B1057364736664N01342574EA0175801731004003044124117
B1057374736661N01342582EA0175901732004003044120113
B1057384736658N01342590EA0176001733004003044117114
B1057394736654N01342599EA0176101733004003044117122
B1057404736651N01342609EA0176001733004003046118125
B1057414736647N01342618EA0176001733004003050119126
B1057424736644N01342628EA0176001733004003050119125
B1057434736640N01342638EA0176001733004003050116111
B1057444736637N01342647EA0176001732004003050114103
B1057454736634N01342658EA0176001732004003051116113
B1057464736630N01342668EA0175901732004003053117109
B1057474736627N01342678EA0176001732004003053117112
B1057484736623N01342688EA0176001733004003049116104
B1057494736621N01342697EA0176001733004003045116109
B1057504736618N01342706EA0175901731004003045114113
B1057514736615N01342715EA0175801730004003049113102
B1057524736612N01342725EA0175701729004003049114104
B1057534736608N01342735EA0175401727004003049116111
B1057544736605N01342745EA0175301725004003049116112
B1057554736602N01342755EA0175201725004003051116119
B1057564736598N01342765EA0175101724004003052118115
B1057574736594N01342775EA0175201724004003052121115
B1057584736590N01342785EA0175201725004003052120109
B1057594736586N01342795EA0175401725004003053119129
B1058004736582N01342805EA0175501727004003053121114
B1058014736578N01342813EA0175501727004003044127151
B1058024736574N01342820EA0175501727004003044129140
B1058034736570N01342828EA0175301725004003043125130
B1058044736567N01342837EA0175101723004003043122132
B1058054736562N01342846EA0175001721004003047126131
B1058064736557N01342855EA0174801720004003060132134
B1058074736551N01342865EA0174801720004003060133120
B1058084736546N01342874EA0174901721004003059124108
B1058094736543N01342883EA0174901720004003051115102
B1058104736539N01342893EA0174901720004003047115108
B1058114736535N01342903EA0174601718004003055121126
B1058124736530N01342913EA0174501716004003062128136
B1058134736524N01342924EA0174501716004003062132129
B1058144736518N01342933EA0174601718004003062132126
B1058154736513N01342942EA0174801719004003059131143
B1058164736508N01342950EA0174801720004003042130134
B1058174736504N01342957EA0174701717004003042132131
B1058184736499N01342964EA0174401714004003042135127
B1058194736492N01342973EA0174101711004003051138136
B1058204736485N01342983EA0173801710004003062135140
B1058214736479N01342992EA0173801710004003058132142
B1058224736474N01343001EA0174001711004003058135148
B1058234736468N01343008EA0174101712004003052142155
B1058244736461N01343015EA0174001711004003052144143
B1058254736454N01343023EA0174001711004003054144133
B1058264736447N01343031EA0173901711004003064142137
B1058274736440N01343039EA0174201714004003064143151
B1058284736432N01343046EA0174401715004003060149154
B1058294736425N01343052EA0174601717004003055153155
B1058304736418N01343057EA0174701718004003053156143
B1058314736411N01343062EA0174801719004003055153135
B1058324736403N01343068EA0174901721004003057149128
B1058334736396N01343076EA0175101722004003057144128
B1058344736389N01343084EA0175301723004003060139132
B1058354736383N01343092EA0175401725004003060135121
B1058364736377N01343101EA0175501728004003050130120
B1058374736373N01343109EA0175601728004003050124118
B1058384736370N01343118EA0175601728004003044114110
B1058404736367N01343127EA0175501726004003044106106
B1058414736366N01343138EA0175301724004003049094092
B1058424736366N01343148EA0175201723004003049080079
B1058434736369N01343156EA0175101722004003047060064
B1058444736372N01343163EA0175001721004003041040043
B1058454736376N01343167EA0174801720004003038029028
B1058464736380N01343172EA0174801720004003031030030
B1058474736384N01343177EA0174701719004003033045029
B1058484736387N01343183EA0174501717004003033060040
B1058494736389N01343190EA0174301715004003035066049
B1058504736392N01343199EA0174301713004003039067055
B1058514736395N01343207EA0174001711004003045065045
B1058524736397N01343215EA0173901710004003045063053
B1058534736400N01343223EA0173801709004003040058044
B1058544736403N01343230EA0173501706004003038055058
B1058554736406N01343238EA0173201703004003038057065
B1058564736409N01343246EA0173001701004003046064066
B1058574736412N01343256EA0172901700004003049072076
B1058584736414N01343266EA0172901701004003048076071
B1058594736416N01343276EA0173001702004003048075068
B1059004736418N01343286EA0173201703004003045074067
B1059014736419N01343294EA0173401705004003040075081
B1059024736421N01343302EA0173401706004003040072067
B1059034736422N01343308EA0173401705004003032063058
B1059044736424N01343314EA0173301703004003029060054
B1059054736427N01343321EA0173001700004003029062060
B1059064736430N01343329EA0172601697004003045061058
B1059074736433N01343337EA0172501695004003050056049
B1059084736437N01343346EA0172501695004003047052049
B1059094736441N01343353EA0172401695004003047053056
B1059104736444N01343359EA0172401694004003037058073
B1059114736446N01343365EA0172101692004003028060059
B1059124736448N01343371EA0171901689004003032060056
B1059134736451N01343378EA0171501684004003032058056
B1059144736455N01343387EA0171001680004003041056056
B1059154736459N01343395EA0170801677004003046053052
B1059164736463N01343404EA0170701676004003050053056
B1059174736467N01343412EA0170601676004003050056065
B1059184736473N01343429EA0170801677004003041065065
B1059194736476N01343437EA0170701676004003041066061
B1059204736479N01343446EA0170501675004003040065055
B1059214736481N01343453EA0170401673004003040062061
B1059224736484N01343461EA0170101670004003039062060
B1059234736487N01343470EA0169801667004003039066068
B1059244736489N01343480EA0169401663004003044068066
B1059254736492N01343490EA0169001659004003054066046
B1059264736496N01343500EA0168901657004003054057027
B1059274736502N01343509EA0168801657004003054043018
B1059284736508N01343516EA0169101659004003053035019
B1059294736513N01343523EA0169301662004003053042032
B1059304736516N01343529EA0169401664004003031054021
B1059314736519N01343535EA0169501664004003031050017
B1059324736523N01343539EA0169401663004003031033357
B1059334736529N01343542EA0169301661004003034018346
B1059344736535N01343544EA0169201660004003042006340
B1059354736542N01343544EA0169401662004003045354320
B1059364736547N01343542EA0169601665004003045338308
B1059374736551N01343539EA0169801666004003035313302
B1059384736553N01343533EA0169801666004003029292294
B1059394736555N01343527EA0169801666004003029284296
B1059404736556N01343520EA0169801666004003036287302
B1059414736558N01343513EA0169801667004003036283299
B1059424736559N01343506EA0169901668004003032279264
B1059434736557N01343501EA0169901667004003030237246
B1059444736554N01343497EA0169701665004003029219244
B1059454736551N01343492EA0169401662004003034217249
B1059464736547N01343487EA0169101659004003039221247
B1059474736543N01343480EA0168901656004003039223238
B1059484736538N01343476EA0168601655004003039213219
B1059494736532N01343472EA0168501653004003041193192
B1059504736526N01343472EA0168201649004003048175172
B1059514736518N01343475EA0167801645004003055159161
B1059524736511N01343480EA0167601642004003055148140
B1059534736505N01343487EA0167301640004003055137129
B1059544736500N01343496EA0167201639004003055126126
B1059554736496N01343505EA0167001636004003050119112
B1059564736492N01343514EA0166701634004003050112110
B1059574736489N01343525EA0166601632004003050107104
B1059584736488N01343537EA0166501632004003051099091
B1059594736487N01343549EA0166801634004003056091080
B1100004736487N01343560EA0166901637004003047084080
B1100014736487N01343569EA0167201640004003047083092
B1100024736487N01343577EA0167301641004003037090091
B1100034736487N01343585EA0167201640004003037097097
B1100044736486N01343595EA0167101638004003037099092
B1100054736484N01343607EA0166901637004003062099084
B1100064736483N01343621EA0167101639004003064098091
B1100074736482N01343633EA0167501643004003062095086
B1100084736481N01343644EA0167801647004003055095082
B1100094736481N01343654EA0168101649004003045094085
B1100104736481N01343663EA0168101650004003044091083
B1100114736481N01343674EA0168101648004003047088079
B1100124736481N01343685EA0168201649004003047089082
B1100134736480N01343695EA0168301650004003048094099
B1100144736479N01343705EA0168301652004003048098090
B1100154736479N01343714EA0168401653004003038093076
B1100164736479N01343723EA0168501653004003039086070
B1100174736480N01343732EA0168501653004003039081066
B1100184736481N01343741EA0168401653004003044082078
B1100194736481N01343751EA0168501653004003044081080
B1100204736483N01343760EA0168501653004003041076066
B1100214736484N01343768EA0168501653004003041074066
B1100224736486N01343777EA0168501653004003041073061
B1100234736488N01343786EA0168601654004003041071075
B1100244736490N01343794EA0168601654004003041063046
B1100254736493N01343801EA0168601654004003036056055
B1100264736496N01343808EA0168501654004003036052051
B1100274736499N01343814EA0168401652004003035054063
B1100284736502N01343821EA0168301651004003035058057
B1100294736505N01343829EA0168101649004003038061061
B1100304736509N01343837EA0167901648004003043058059
B1100314736512N01343845EA0167801647004003043053049
B1100324736516N01343852EA0167901647004003042053056
B1100334736519N01343859EA0167701646004003041054053
B1100344736523N01343867EA0167701645004003041055055
B1100354736526N01343874EA0167601644004003041054039
B1100364736530N01343881EA0167501643004003041053041
B1100374736534N01343888EA0167401641004003041049046
B1100384736538N01343896EA0167201640004003041048046
B1100394736542N01343903EA0167101639004003042050050
B1100404736546N01343911EA0166901637004003043053058
B1100414736550N01343919EA0166901636004003044056055
B1100424736553N01343927EA0166701635004003044057052
B1100434736557N01343935EA0166701634004003044057046
B1100444736561N01343943EA0166601632004003044056043
B1100464736565N01343952EA0166401631004003049054038
B1100474736569N01343960EA0166301630004003049051038
B1100484736573N01343968EA0166301630004003049050034
B1100494736578N01343976EA0166301630004003046049034
B1100504736582N01343983EA0166301630004003044046025
B1100514736587N01343990EA0166301630004003043044027
B1100524736592N01343997EA0166301630004003045040023
B1100534736597N01344003EA0166301630004003045035031
B1100544736603N01344007EA0166401631004003045023018
B1100554736609N01344011EA0166601631004003045021021
B1100564736615N01344016EA0166801634004003044034042
B1100574736619N01344024EA0166901637004003045053047
B1100584736622N01344032EA0167301641004003045065036
B1100594736626N01344040EA0167601643004003045061011
B1101004736629N01344045EA0167801645004003038042011
B1101014736633N01344049EA0167901646004003031027013
B1101024736637N01344052EA0168001647004003033022018
B1101034736642N01344056EA0168301650004003033026019
B1101044736646N01344059EA0168701654004003034029013
B1101054736650N01344062EA0169101659004003034024358
B1101064736653N01344063EA0169401662004003018005340
B1101074736655N01344062EA0169601664004003018337327
B1101084736658N01344061EA0169701665004003018331335
B1101094736661N01344059EA0169701666004003020333318
B1101104736664N01344056EA0169801668004003023328323
B1101114736666N01344052EA0170001669004003026305299
B1101124736668N01344047EA0170101670004003029278281
B1101134736668N01344040EA0170201671004003029258280
B1101144736666N01344034EA0170301673004003031244281
B1101154736664N01344028EA0170501675004003031239285
B1101164736663N01344023EA0170601676004003025239277
B1101174736660N01344018EA0170601676004003028235264
B1101184736657N01344013EA0170601676004003028230252
B1101194736654N01344007EA0170501675004003033225242
B1101204736650N01344000EA0170601675004003039230261
B1101214736645N01343984EA0170901682004003041252268
B1101224736642N01343978EA0171501687004003037237232
B1101234736638N01343974EA0171901691004003032210217
B1101244736634N01343971EA0172101693004003032192216
B1101254736628N01343969EA0172201694004003039189220
B1101264736623N01343966EA0172301695004003041200225
B1101274736617N01343962EA0172501697004003041208223
B1101284736612N01343958EA0172701700004003042201195
B1101294736605N01343957EA0172801702004003042182175
B1101304736599N01343959EA0173001702004003046162169
B1101314736593N01343963EA0173001703004003049148158
B1101324736587N01343969EA0173101703004003048148144
B1101334736582N01343976EA0173201704004003048132126
B1101344736578N01343984EA0173401705004003047128108
B1101354736574N01343992EA0173501706004003045121109
B1101364736571N01344001EA0173601706004003045112098
B1101374736569N01344010EA0173601706004003045100091
B1101384736569N01344020EA0173601706004003045087082
B1101394736570N01344030EA0173701707004003045081065
B1101404736570N01344040EA0173901710004003043079060
B1101414736572N01344048EA0174101712004003043070042
B1101424736574N01344054EA0174301713004003036055036
B1101434736578N01344060EA0174301714004003034039028
B1101444736582N01344064EA0174401715004003034031018
B1101454736587N01344069EA0174601717004003038031013
B1101464736591N01344073EA0174801720004003038032012
B1101474736595N01344076EA0175101723004003034022358
B1101484736598N01344077EA0175301724004003028005347
B1101494736602N01344077EA0175301725004003023354348
B1101504736606N01344077EA0175401725004003026356356
B1101514736610N01344078EA0175401726004003031000011
B1101524736615N01344078EA0175601728004003031003001
B1101534736620N01344079EA0175801730004003031005354
B1101544736624N01344079EA0176001732004003031001349
B1101554736627N01344078EA0176201734004003021348336
B1101564736630N01344077EA0176301735004003021338342
B1101574736633N01344075EA0176401736004003021337342
B1101584736637N01344073EA0176501737004003024341345
B1101594736641N01344071EA0176701738004003027340333
B1102004736645N01344069EA0176901741004003029334323
B1102014736648N01344065EA0177201744004003029322310
B1102024736651N01344062EA0177401747004003025308306
B1102034736653N01344058EA0177701749004003023297316
B1102044736654N01344054EA0177901751004003021293306
B1102054736656N01344050EA0178001753004003019297314
B1102064736657N01344046EA0178101753004003021293297
B1102074736658N01344041EA0178101754004003021282284
B1102084736658N01344035EA0178101754004003024266271
B1102094736657N01344029EA0178201755004003029250261
B1102104736655N01344023EA0178401757004003032238255
B1102114736652N01344017EA0178501758004003032229266
B1102124736649N01344012EA0178601759004003032220257
B1102134736644N01344007EA0178701760004003035213244
B1102144736640N01344003EA0178801761004003038211247
B1102154736635N01343998EA0178901762004003040210238
B1102164736629N01343994EA0179001764004003044207232
B1102174736623N01343990EA0179201766004003044196208
B1102184736616N01343989EA0179401767004003046183194
B1102194736609N01343989EA0179501769004003048174189
B1102204736601N01343990EA0179701771004003051172187
B1102214736594N01343991EA0179901774004003051175191
B1102224736588N01343992EA0180301777004003046175188
B1102234736582N01343993EA0180601780004003040167151
B1102244736576N01343996EA0180701781004003040156152
B1102254736570N01344001EA0180801782004003046149144
B1102264736564N01344006EA0180901783004003049144140
B1102274736559N01344013EA0181001784004003049138124
B1102284736554N01344021EA0181201786004003049127108
B1102294736550N01344030EA0181301787004003049116098
B1102304736548N01344039EA0181401788004003045104087
B1102314736547N01344049EA0181401788004003046095079
B1102324736546N01344060EA0181401788004003046092084
B1102334736546N01344071EA0181401788004003050088064
B1102344736547N01344083EA0181501789004003052080051
B1102354736549N01344094EA0181701791004003052071037
B1102364736552N01344104EA0181901794004003052062036
B1102374736555N01344113EA0182301798004003049058031
B1102384736558N01344120EA0182601802004003044055029
B1102394736561N01344127EA0183001806004003039053023
B1102404736565N01344134EA0183201808004003036050024
B1102414736568N01344140EA0183401810004003038047032
B1102424736572N01344146EA0183601812004003038043016
B1102434736577N01344152EA0183701813004003039037014
B1102444736582N01344157EA0183901815004003039030003
B1102454736587N01344161EA0184101818004003036026003
B1102464736591N01344164EA0184401821004003036024011
B1102474736596N01344167EA0184601823004003035021000
B1102484736601N01344170EA0184801825004003034017355
B1102494736605N01344171EA0185101827004003032011343
B1102504736610N01344172EA0185201829004003031004347
B1102524736615N01344172EA0185301831004003031354335
B1102534736619N01344171EA0185501833004003030346336
B1102544736623N01344170EA0185801835004003030341335
B1102554736627N01344168EA0186001838004003025338319
B1102564736630N01344166EA0186301841004003025335326
B1102574736633N01344163EA0186501843004003023324320
B1102584736635N01344160EA0186701845004003021309311
B1102594736637N01344155EA0186801845004003021295303
B1103004736638N01344150EA0186901846004003028282298
B1103014736639N01344144EA0186901847004003031269288
B1103024736638N01344137EA0187001848004003031258277
B1103034736637N01344130EA0187001849004003033250279
B1103044736635N01344122EA0187101850004003035245270
B1103054736633N01344116EA0187201851004003035239259
B1103064736630N01344109EA0187401852004003035232273
B1103074736626N01344103EA0187601854004003036232268
B1103084736623N01344096EA0187601855004003036233252
B1103094736620N01344090EA0187701856004003038229265
B1103104736616N01344084EA0187801857004003040224233
B1103114736606N01344074EA0188101860004003040206223
B1103124736600N01344070EA0188201862004003040199216
B1103134736595N01344067EA0188401863004003041197221
B1103144736589N01344065EA0188401863004003043193206
B1103154736582N01344062EA0188501864004003043192200
B1103164736575N01344061EA0188601866004003047187198
B1103174736567N01344061EA0188701867004003050177182
B1103184736560N01344062EA0188901869004003050169163
B1103194736553N01344064EA0189001870004003050163167
B1103204736546N01344068EA0189201871004003050160158
B1103214736539N01344071EA0189301873004003050162159
B1103224736531N01344075EA0189601875004003052161148
B1103234736525N01344080EA0189901879004003049146126
B1103244736519N01344087EA0190101881004003049134113
B1103254736514N01344095EA0190301882004003049124120
B1103264736510N01344105EA0190501884004003049120119
B1103274736506N01344114EA0190701886004003050117107
B1103284736503N01344125EA0190901889004003051111099
B1103294736501N01344135EA0191101891004003051100078
B1103304736501N01344146EA0191301893004003050089068
B1103314736501N01344157EA0191501894004003049081065
B1103324736503N01344167EA0191601895004003049075061
B1103334736505N01344177EA0191701897004003047071050
B1103344736507N01344187EA0191801898004003047064032
B1103354736511N01344195EA0191901899004003047052015
B1103364736516N01344202EA0192101901004003046037012
B1103374736521N01344207EA0192401905004003045026004
B1103384736526N01344210EA0192801909004003037018359
B1103394736531N01344213EA0193201914004003037019009
B1103404736535N01344216EA0193601918004003032022009
B1103414736540N01344219EA0193901921004003031022003
B1103424736544N01344221EA0194101924004003031018355
B1103434736549N01344223EA0194301926004003034014001
B1103444736554N01344225EA0194501928004003036011358
B1103454736560N01344227EA0194801931004003035009356
B1103464736564N01344228EA0195001933004003035008350
B1103474736569N01344228EA0195301936004003032004337
B1103484736572N01344228EA0195501938004003024350333
B1103494736576N01344226EA0195601939004003024332323
B1103504736579N01344223EA0195601939004003024325332
B1103514736583N01344220EA0195601939004003028324321
B1103524736586N01344215EA0195601939004003031314298
B1103534736588N01344209EA0195701941004003030288275
B1103544736588N01344203EA0195801941004003033260265
B1103554736587N01344196EA0195901941004003033243267
B1103564736584N01344189EA0196001943004003037238271
B1103574736582N01344182EA0196001944004003037235266
B1103584736579N01344176EA0196301946004003034229260
B1103594736575N01344170EA0196401947004003037222239
B1104004736570N01344164EA0196501948004003037216238
B1104014736566N01344159EA0196501949004003040216233
B1104024736560N01344155EA0196601950004003040205228
B1104034736553N01344150EA0196801952004003051202209
B1104044736546N01344146EA0197101956004003051199214
B1104054736540N01344144EA0197601960004003051191217
B1104064736534N01344143EA0197801964004003043183197
B1104074736527N01344142EA0198101966004003040180208
B1104084736521N01344142EA0198201967004003044184199
B1104094736514N01344141EA0198301968004003048186197
B1104104736507N01344140EA0198501970004003048180187
B1104114736499N01344142EA0198701972004003051171156
B1104124736491N01344145EA0198901974004003053161154
B1104134736484N01344149EA0199201976004003050151155
B1104144736478N01344154EA0199401979004003050146153
B1104154736473N01344159EA0199601981004003047143155
B1104164736467N01344165EA0199701982004003044142139
B1104174736462N01344172EA0199901983004003044140137
B1104184736456N01344179EA0200001985004003050135119
B1104194736452N01344187EA0200101986004003051126109
B1104204736448N01344197EA0200201988004003051117100
B1104214736444N01344207EA0200401989004003051112087
B1104224736442N01344218EA0200601991004003051108086
B1104234736439N01344229EA0200701993004003053102075
B1104244736438N01344240EA0200901994004003053094061
B1104254736439N01344252EA0200901995004003053084060
B1104264736440N01344263EA0201101996004003053074049
B1104274736442N01344273EA0201101997004003052066036
B1104284736445N01344282EA0201301999004003042062048
B1104294736448N01344290EA0201402001004003042057028
B1104304736451N01344297EA0201502002004003039053016
B1104314736455N01344304EA0201702003004003039046026
B1104324736460N01344310EA0201802005004003041037008
B1104334736466N01344316EA0202002007004003047029018
B1104344736472N01344320EA0202402011004003047022018
B1104354736478N01344323EA0202702015004003045019010
B1104364736483N01344327EA0203102019004003041022019
B1104374736488N01344330EA0203302022004003037024014
B1104384736493N01344333EA0203502023004003035020001
B1104394736498N01344334EA0203602025004003035008341
B1104404736503N01344335EA0203802026004003035003332
B1104414736507N01344332EA0204102029004003033331331
B1104424736510N01344330EA0204302031004003029321334
B1104434736513N01344326EA0204402033004003023319346
B1104444736516N01344324EA0204602035004003023323334
B1104454736519N01344320EA0204702036004003023321326
B1104464736522N01344316EA0204902038004003025312312
B1104474736525N01344310EA0205102040004003030300320
B1104484736527N01344304EA0205302042004003029289327
B1104494736528N01344299EA0205602045004003029285322
B1104504736530N01344295EA0205702046004003022299316
B1104514736532N01344291EA0205802047004003022310319
B1104524736534N01344286EA0206002048004003025305311
B1104534736535N01344280EA0206002049004003029281282
B1104544736535N01344273EA0206102050004003034257274
B1104554736533N01344266EA0206202050004003034246281
B1104564736531N01344258EA0206302052004003037249281
B1104574736530N01344251EA0206402054004003036256282
B1104584736529N01344243EA0206702057004003036250273
B1104594736526N01344236EA0207002059004003034241254
B1105004736523N01344230EA0207002060004003034233244
B1105014736519N01344222EA0207102060004003042228251
B1105024736515N01344216EA0207102061004003046222216
B1105034736509N01344210EA0207302063004003046212222
B1105044736503N01344205EA0207502065004003048198202
B1105054736496N01344203EA0207702067004003048188197
B1105064736490N01344201EA0208002070004003043190208
B1105074736484N01344201EA0208202072004003043182202
B1105084736478N01344200EA0208402074004003040182197
B1105094736472N01344200EA0208502075004003040176178
B1105104736465N01344202EA0208602076004003048169162
B1105114736457N01344205EA0208602076004003054163169
B1105124736450N01344209EA0208602076004003054156154
B1105134736442N01344215EA0208702078004003056145131
B1105144736436N01344223EA0208902079004003056132111
B1105154736431N01344233EA0209202082004003056120110
B1105164736428N01344243EA0209402085004003056114098
B1105174736424N01344254EA0209702088004003052113097
B1105184736421N01344264EA0210102092004003050113088
B1105194736418N01344274EA0210402095004003050108083
B1105204736417N01344285EA0210802098004003047099080
B1105214736417N01344294EA0211002101004003047087062
B1105224736417N01344304EA0211202103004003044079060
B1105234736418N01344313EA0211302104004003042073062
B1105244736420N01344322EA0211302105004003042071053
B1105254736422N01344331EA0211402106004003042067044
B1105264736425N01344339EA0211602107004003042059030
B1105274736429N01344346EA0211702109004003042046016
B1105284736433N01344351EA0211902110004003040033018
B1105294736438N01344356EA0212002111004003039026010
B1105304736443N01344359EA0212102114004003036024015
B1105314736447N01344363EA0212302116004003036030022
B1105324736451N01344366EA0212502118004003031031006
B1105334736455N01344369EA0212702119004003029022003
B1105344736460N01344371EA0212702120004003029016349
B1105354736465N01344370EA0212902121004003038352350
B1105364736470N01344369EA0213102124004003038343353
B1105374736474N01344367EA0213202126004003033342353
B1105384736478N01344366EA0213402128004003028346002
B1105394736481N01344365EA0213402127004003026350353
B1105404736485N01344363EA0213402128004003029343340
B1105414736490N01344360EA0213402127004003038333337
B1105424736495N01344356EA0213602128004003038324328
B1105434736500N01344351EA0213702131004003038322339
B1105444736503N01344347EA0213902133004003037322357
B1105454736506N01344343EA0214202136004003022324352
B1105464736509N01344341EA0214302137004003022324323
B1105474736511N01344338EA0214302136004003020318319
B1105484736514N01344334EA0214202135004003020311307
B1105494736517N01344328EA0214002134004003028304306
B1105504736520N01344322EA0214102134004003036296300
B1105514736522N01344314EA0214102134004003038291286
B1105524736524N01344307EA0214202135004003036291293
B1105534736524N01344299EA0214202136004003036274291
B1105544736525N01344291EA0214202136004003035269294
B1105554736525N01344284EA0214102135004003036270298
B1105564736525N01344275EA0213902133004003039270288
B1105574736524N01344266EA0213902132004003039263280
B1105584736523N01344258EA0213802132004003042252264
B1105594736521N01344250EA0213702131004003042241275
B1106004736518N01344244EA0213702130004003033235274
B1106014736515N01344237EA0213502128004003035235257
B1106024736512N01344230EA0213202125004003035235252
B1106034736508N01344222EA0212902121004003040228233
B1106044736502N01344216EA0212702119004003045214205
B1106054736496N01344211EA0212502117004003054198195
B1106064736488N01344210EA0212402116004003054182183
B1106074736480N01344211EA0212202115004003054169174
B1106084736473N01344213EA0212102114004003054164168
B1106094736466N01344215EA0212002113004003051165169
B1106104736458N01344218EA0212002113004003052168163
B1106114736450N01344220EA0211902112004003052167145
B1106124736443N01344224EA0211802111004003052159151
B1106134736437N01344229EA0211702109004003052145133
B1106144736430N01344237EA0211702108004003052133126
B1106154736425N01344247EA0211602107004003058125117
E110616PEVBackground
B1106164736421N01344257EA0211602108004003058117110
B1106174736418N01344267EA0211702108004003056110103
B1106184736415N01344278EA0211802110004003052105104
B1106194736413N01344289EA0211902112004003051098107
B1106204736413N01344300EA0212202114004003051091108
B1106214736413N01344311EA0212302116004003051082109
B1106224736414N01344323EA0212502118004003051079113
B1106234736415N01344334EA0212602119004003051079116
B1106244736416N01344345EA0212602120004003051086118
B1106254736416N01344357EA0212702122004003055088118
B1106264736417N01344370EA0213102125004003062082117
B1106274736419N01344383EA0213302127004003061076116
B1106284736422N01344395EA0213702132004003061068118
B1106294736425N01344406EA0214002136004003057063118
B1106304736428N01344416EA0214302140004003047057119
B1106314736432N01344424EA0214502142004003047052119
B1106324736437N01344433EA0214702143004003047050120
B1106334736441N01344441EA0214802144004003047048120
B1106344736447N01344449EA0214802145004003051043120
B1106354736453N01344456EA0215002147004003051031120
B1106364736460N01344460EA0215202149004003051018120
B1106374736465N01344462EA0215302150004003045008120
B1106384736471N01344463EA0215402151004003039005121
B1106394736476N01344465EA0215402152004003036006121
B1106404736482N01344466EA0215402152004003036005121
B1106414736488N01344466EA0215402151004003038358121
B1106424736493N01344465EA0215402151004003038348121
B1106434736499N01344463EA0215402151004003040341121
B1106444736504N01344460EA0215502152004003040337121
B1106454736509N01344458EA0215602153004003035342121
B1106464736514N01344456EA0215602154004003035345121
B1106474736519N01344454EA0215602154004003034346122
B1106484736523N01344452EA0215702154004003032341122
B1106494736527N01344450EA0215502153004003028337122
B1106504736531N01344447EA0215302150004003028332122
B1106514736535N01344443EA0215002147004003035316122
B1106524736538N01344435EA0214702143004003035299122
B1106534736540N01344427EA0214602142004003043281122
B1106544736541N01344419EA0214502143004003043272122
B1106554736541N01344412EA0214502143004003029268122
B1106564736541N01344406EA0214402142004003029273122
B1106574736542N01344399EA0214102139004003029282122
B1106584736543N01344392EA0214002137004003030280122
B1106594736544N01344383EA0214002136004003037276122
B1107004736544N01344376EA0213802135004003034266122
B1107014736543N01344369EA0213902136004003034249122
B1107024736540N01344362EA0213902136004003031236122
B1107034736538N01344357EA0213902136004003031221122
B1107044736534N01344353EA0213702134004003028217122
B1107054736531N01344349EA0213502131004003031217122
B1107064736527N01344344EA0213202128004003031218122
B1107074736522N01344339EA0213002125004003037213122
B1107084736516N01344335EA0212902124004003043205122
B1107094736511N01344332EA0212802124004003043194122
B1107104736505N01344330EA0212802124004003042185122
B1107114736500N01344330EA0212702123004003038180122
B1107124736494N01344329EA0212402120004003035181122
B1107134736489N01344328EA0212102116004003040186122
B1107144736482N01344326EA0211702112004003040191122
B1107154736475N01344323EA0211402109004003047198122
B1107164736469N01344320EA0211302108004003047198122
B1107174736463N01344319EA0211202108004003047188122
B1107184736457N01344319EA0211102106004003038175122
B1107194736451N01344320EA0210802103004003038170122
B1107204736444N01344321EA0210502099004003048172122
B1107214736437N01344322EA0210202095004003056176122
E110722PEVForeground
B1107224736428N01344323EA0210002093004003056176122
B1107234736420N01344325EA0210002092004003056171183
B1107244736413N01344327EA0209902091004003055165177
B1107254736407N01344330EA0209902091004003043158169
B1107264736401N01344334EA0209802090004003043155167
B1107274736395N01344338EA0209802090004003043152170
B1107284736389N01344342EA0209702089004003044151165
B1107294736383N01344347EA0209502088004003047149159
B1107304736376N01344352EA0209602087004003048152158
B1107314736370N01344356EA0209602089004003048159163
B1107324736363N01344360EA0209802092004003048158180
B1107334736357N01344365EA0210102095004003047155166
B1107344736351N01344369EA0210302098004003044152186
B1107354736345N01344373EA0210502100004003039151170
B1107364736340N01344377EA0210702101004003039155176
B1107374736334N01344381EA0210702101004003039158169
B1107384736327N01344383EA0210702100004003045165196
B1107394736320N01344384EA0210702101004003049176214
B1107404736313N01344382EA0210902101004003049200226
B1107414736308N01344376EA0211002104004003049230245
B1107424736305N01344368EA0211202107004003046253262
B1107434736303N01344362EA0211502113004003040254254
B1107444736301N01344357EA0212102117004003031228250
B1107454736298N01344353EA0212402120004003025209241
B1107464736294N01344350EA0212502120004003027211247
B1107474736291N01344345EA0212402121004003027228248
B1107484736288N01344339EA0212402120004003032240253
B1107494736285N01344333EA0212502121004003035238235
B1107504736282N01344327EA0212602123004003036219221
B1107514736276N01344323EA0212702123004003042200212
B1107524736270N01344321EA0212702123004003042190210
B1107534736263N01344319EA0212702124004003049189228
B1107544736257N01344316EA0212802125004003049197223
B1107554736251N01344313EA0213002127004003036203223
B1107564736246N01344311EA0213102128004003036195200
B1107574736241N01344310EA0213102128004003036184195
B1107584736234N01344309EA0213102127004003038181189
B1107594736226N01344308EA0212902127004003048184196
B1108004736218N01344307EA0213102129004003058185205
B1108014736210N01344306EA0213402133004003058184201
B1108024736204N01344305EA0213602135004003048181196
B1108034736198N01344305EA0213702134004003040179195
B1108044736191N01344306EA0213502133004003040177175
B1108054736184N01344307EA0213402131004003053174172
B1108064736175N01344309EA0213302130004003061167156
B1108074736167N01344312EA0213402130004003061165174
B1108084736159N01344315EA0213602133004003061168191
E110809PEVBackground
B1108094736152N01344317EA0213802135004003055171173
B1108104736145N01344318EA0213902137004003044171169
B1108114736138N01344321EA0214002137004003047163152
B1108124736131N01344325EA0213902137004003047160156
B1108134736123N01344328EA0213902137004003052161163
B1108144736116N01344331EA0214102139004003055164167
B1108154736108N01344334EA0214302141004003050164155
B1108164736101N01344337EA0214502142004003050160154
B1108174736095N01344341EA0214602143004003048156159
B1108184736089N01344345EA0214702144004003046155155
B1108194736082N01344349EA0214602144004003045158170
B1108204736076N01344353EA0214502142004003046159156
B1108214736069N01344356EA0214402141004003048161158
B1108224736062N01344360EA0214202139004003048162160
B1108234736055N01344364EA0214002137004003053161157
B1108244736047N01344368EA0213902136004003055157160
B1108254736040N01344373EA0213802135004003053154153
B1108264736033N01344378EA0213802135004003053153159
B1108274736026N01344384EA0213602134004003052152154
B1108284736019N01344389EA0213502132004003051150151
B1108294736012N01344395EA0213302130004003051149151
B1108304736005N01344401EA0213002127004003054151163
B1108314735998N01344406EA0212802124004003057154156
B1108324735990N01344411EA0212502122004003057158167
B1108334735982N01344417EA0212302120004003059155145
B1108344735974N01344423EA0212202119004003059147139
B1108354735968N01344430EA0212202119004003053139154
B1108364735962N01344438EA0212202118004003053136161
B1108374735956N01344444EA0212202117004003051141165
B1108384735949N01344451EA0212002116004003051148167
B1108394735942N01344457EA0211802114004003054151161
E110840PEVForeground
B1108404735934N01344465EA0211602112004003062146154
B1108414735927N01344473EA0211602111004003063140153
B1108424735920N01344482EA0211602111004003062140159
B1108434735913N01344489EA0211602111004003061148170
B1108444735905N01344495EA0211502110004003058156172
B1108454735897N01344500EA0211402108004003058158165
B1108464735889N01344506EA0211402108004003060153158
B1108474735881N01344512EA0211402107004003060150158
B1108484735873N01344518EA0211302106004003060153167
B1108494735865N01344523EA0211202105004003060159175
B1108504735856N01344527EA0211202105004003062163174
B1108514735847N01344531EA0211002105004003062162159
B1108524735839N01344536EA0211002104004003060157159
B1108534735831N01344541EA0211002103004003058155159
B1108544735823N01344546EA0210802101004003058156168
B1108554735815N01344551EA0210602099004003060159191
B1108564735806N01344554EA0210402097004003062162189
B1108574735797N01344558EA0210202095004003062167185
B1108584735788N01344561EA0210102093004003062168180
B1108594735779N01344564EA0209902091004003063168177
B1109004735769N01344567EA0209702088004003068166177
B1109014735759N01344571EA0209502087004003069164179
B1109024735749N01344575EA0209502086004003068163183
B1109034735740N01344579EA0209402086004003066164181
B1109044735731N01344582EA0209402084004003063166189
B1109054735722N01344586EA0209202082004003060164175
B1109064735713N01344590EA0208902079004003063161167
B1109074735703N01344595EA0208602076004003063161176
B1109084735694N01344599EA0208302073004003069162178
B1109094735684N01344604EA0208102071004003068162174
B1109104735675N01344608EA0208002070004003068163179
B1109114735666N01344612EA0207902069004003064166180
B1109124735656N01344615EA0207802067004003062166178
B1109134735648N01344618EA0207602066004003060168168
B1109144735639N01344621EA0207402064004003061164166
B1109154735630N01344625EA0207302062004003061161165
B1109164735622N01344630EA0207002060004003061160166
B1109174735613N01344634EA0206802058004003058162175
B1109184735605N01344637EA0206702056004003058163174
B1109194735597N01344641EA0206402054004003057160162
B1109204735589N01344647EA0206202051004003057156161
B1109214735580N01344652EA0205902048004003060154164
B1109224735572N01344658EA0205702046004003060153176
B1109234735565N01344663EA0205402043004003060155176
B1109244735557N01344668EA0205102041004003056155171
B1109254735550N01344673EA0204902037004003053152163
B1109264735543N01344679EA0204502033004003056152173
B1109274735535N01344685EA0204102029004003061153173
B1109284735526N01344690EA0203702025004003061157184
B1109294735518N01344695EA0203402023004003061160187
B1109304735510N01344700EA0203302023004003061157174
B1109314735503N01344705EA0203302021004003051150175
B1109324735496N01344711EA0203202019004003051147179
B1109334735490N01344715EA0202902016004003049156185
B1109344735482N01344719EA0202402012004003049165179
B1109354735474N01344722EA0202102008004003051168176
B1109364735466N01344725EA0201702004004003061163153
B1109374735458N01344730EA0201502002004003061155152
B1109384735450N01344736EA0201402000004003060150159
B1109394735442N01344741EA0201101998004003059156175
B1109404735435N01344744EA0200901996004003054166185
B1109414735427N01344747EA0200601993004003053171179
B1109424735419N01344750EA0200301991004003055166166
B1109434735411N01344754EA0200101988004003055157151
B1109444735404N01344759EA0200101987004003056153164
B1109454735396N01344764EA0199901985004003056156171
B1109464735389N01344767EA0199601983004003052161180
B1109474735382N01344771EA0199301981004003052163176
B1109484735374N01344775EA0199101979004003052162163
B1109494735366N01344779EA0199001977004003054159158
B1109504735358N01344784EA0198801974004003056159163
B1109514735350N01344788EA0198501972004003058159166
B1109524735342N01344792EA0198501971004003058157158
B1109534735335N01344797EA0198401970004003057155158
B1109544735327N01344803EA0198301969004003056153161
B1109554735320N01344809EA0198101967004003056150155
B1109564735313N01344815EA0198001966004003057148158
B1109574735305N01344821EA0197801964004003057148156
B1109584735298N01344826EA0197701963004003056155180
B1109594735291N01344830EA0197601963004003053161167
B1110004735284N01344834EA0197501962004003050159161
B1110014735278N01344839EA0197501961004003047154147
B1110024735271N01344844EA0197201958004003048150150
B1110034735265N01344849EA0197001956004003048151159
B1110044735257N01344854EA0196801953004003050155162
B1110054735250N01344859EA0196501950004003053156164
B1110064735243N01344864EA0196301949004003052152147
B1110074735237N01344870EA0196201947004003052147150
B1110084735230N01344876EA0196101947004003050146153
B1110094735225N01344881EA0196101946004003049148162
B1110104735218N01344886EA0196001945004003045153160
B1110114735212N01344890EA0195801943004003048156163
B1110124735206N01344895EA0195501941004003049153152
B1110134735199N01344902EA0195301939004003049144147
B1110144735192N01344909EA0195401938004003056140159
B1110154735186N01344917EA0195401939004003056140163
B1110164735180N01344923EA0195501941004003045144171
B1110174735175N01344928EA0195501942004003045146164
B1110184735170N01344934EA0195601941004003040145160
B1110194735165N01344939EA0195501940004003040144154
B1110204735159N01344945EA0195301937004003043145155
B1110214735153N01344951EA0195101935004003052147165
B1110224735146N01344957EA0195001935004003053148159
B1110234735139N01344963EA0195101935004003052150158
B1110244735133N01344968EA0195101935004003051152162
B1110254735127N01344972EA0195001935004003048155171
B1110264735121N01344976EA0194901934004003042158177
B1110274735115N01344979EA0194801933004003043162164
B1110284735108N01344982EA0194601930004003043164161
B1110294735101N01344985EA0194401929004003048163155
B1110304735094N01344989EA0194301927004003052160153
B1110314735086N01344993EA0194301927004003051158156
B1110324735080N01344997EA0194301927004003051158159
B1110334735073N01345001EA0194301927004003048159161
B1110344735067N01345004EA0194301927004003046158156
B1110354735060N01345008EA0194201926004003046155150
B1110364735054N01345013EA0194101925004003047153158
B1110374735048N01345017EA0193901923004003047154161
B1110384735041N01345021EA0193801923004003047157159
B1110394735035N01345024EA0193701922004003045162164
B1110404735029N01345028EA0193601921004003045161156
B1110414735022N01345032EA0193501920004003045157155
B1110424735016N01345035EA0193401918004003045156159
B1110434735010N01345039EA0193301917004003045160165
B1110444735004N01345042EA0193101915004003045163165
B1110454734997N01345045EA0193001914004003046162161
B1110464734991N01345049EA0192801912004003047158151
B1110474734984N01345053EA0192701911004003048156158
B1110484734977N01345056EA0192601908004003048157162
B1110494734971N01345060EA0192401907004003048158163
B1110504734964N01345064EA0192201905004003047160161
B1110514734957N01345068EA0192001903004003048158158
B1110524734951N01345072EA0191801901004003049157159
B1110534734944N01345076EA0191601899004003048157160
B1110544734937N01345080EA0191501898004003048158167
B1110554734931N01345083EA0191401896004003046161167
B1110564734924N01345087EA0191201894004003045161159
B1110574734918N01345090EA0191001893004003046159161
B1110584734912N01345094EA0191001892004003045156149
B1110594734906N01345098EA0190901892004003045153157
B1111004734900N01345102EA0190901891004003042152153
B1111014734895N01345106EA0190701889004003039154156
B1111024734889N01345110EA0190501887004003042156156
B1111034734883N01345114EA0190301885004003042153146
B1111044734877N01345119EA0190101883004003046147145
B1111054734872N01345125EA0190001883004003047138136
B1111064734867N01345132EA0189901881004003045134143
B1111074734862N01345139EA0189801880004003045133144
B1111084734858N01345146EA0189701878004003042134134
B1111094734853N01345153EA0189501876004003042131115
B1111104734849N01345161EA0189301874004003043125114
B1111114734846N01345169EA0189101873004003044117109
B1111124734843N01345177EA0189001871004003044114113
B1111134734840N01345186EA0188901870004003044114113
B1111154734837N01345195EA0188701868004003045114109
B1111164734835N01345204EA0188501866004003042113096
B1111174734832N01345212EA0188401864004003043111096
B1111184734830N01345222EA0188101862004003043105090
B1111194734829N01345232EA0187801859004003044100094
B1111204734828N01345242EA0187601856004003047096082
B1111214734827N01345253EA0187501855004003048091076
B1111224734827N01345262EA0187401855004003048085063
B1111234734828N01345271EA0187301854004003042084059
B1111244734830N01345279EA0187201852004003040068060
B1111254734832N01345288EA0187001849004003040066062
B1111264734834N01345296EA0186701845004003039068064
B1111274734838N01345305EA0186501845004003047060063
B1111284734841N01345314EA0186401843004003046060064
B1111294734844N01345322EA0186301842004003046059060
B1111304734847N01345330EA0186201841004003044058062
B1111314734851N01345338EA0186101840004003042056056
B1111324734855N01345346EA0186001838004003042055064
B1111334734858N01345354EA0185801837004003042054059
B1111344734862N01345361EA0185701836004003042056060
B1111354734865N01345370EA0185501835004003043058059
B1111364734869N01345378EA0185301833004003043061058
B1111374734871N01345387EA0185201832004003043068058
B1111384734873N01345396EA0185101830004003043077063
B1111394734874N01345405EA0185001829004003043083068
B1111404734875N01345415EA0184801828004003043087070
B1111414734875N01345424EA0184801827004003042086076
B1111424734876N01345433EA0184701826004003042083075
B1111434734877N01345442EA0184601825004003042083079
B1111444734877N01345452EA0184501823004003042086077
B1111454734877N01345461EA0184201821004003042090082
B1111464734877N01345471EA0184001819004003045089076
B1111474734878N01345481EA0183901817004003047084071
B1111484734879N01345492EA0183701815004003047078068
B1111494734880N01345502EA0183501814004003048075068
B1111504734882N01345512EA0183401812004003048074072
B1111514734884N01345521EA0183301811004003044074067
B1111524734886N01345531EA0183101809004003044073064
B1111534734890N01345549EA0182701804004003045066062
B1111544734893N01345559EA0182501802004003046065060
B1111554734895N01345569EA0182301800004003050072073
B1111564734897N01345579EA0182101798004003050080081
B1111574734898N01345589EA0181901796004003048079055
B1111584734901N01345599EA0181601793004003046066034
B1111594734905N01345608EA0181201788004003046052033
B1112004734910N01345617EA0180801783004003058044039
B1112014734917N01345627EA0180501780004003065043057
B1112024734923N01345637EA0180401780004003065047061
B1112034734929N01345647EA0180501782004003065050065
B1112044734934N01345656EA0180701784004003057046051
B1112054734939N01345663EA0180901786004003046041049
B1112064734945N01345670EA0181101787004003047038045
B1112074734950N01345677EA0181101788004003047042048
B1112084734955N01345686EA0181201789004003050050048
B1112094734959N01345694EA0181301790004003050058048
B1112104734963N01345703EA0181401792004003045056050
B1112114734967N01345710EA0181501793004003045050043
B1112124734972N01345718EA0181701793004003043047045
B1112134734976N01345725EA0181701794004003043049042
B1112144734980N01345732EA0181701794004003043052040
B1112154734984N01345741EA0181601793004003046054039
B1112164734988N01345749EA0181601793004003048053042
B1112174734992N01345757EA0181601792004003048051041
B1112184734997N01345765EA0181501792004003048050048
B1112194735001N01345773EA0181501792004003048047049
B1112204735006N01345780EA0181501792004003043046030
B1112214735011N01345786EA0181401790004003043038037
B1112224735017N01345792EA0181101788004003043033033
B1112234735023N01345798EA0181101787004003047032041
B1112244735029N01345805EA0181001786004003052037033
B1112254735035N01345813EA0180901787004003053043036
B1112264735040N01345820EA0181001788004003053043045
B1112274735045N01345826EA0181101788004003048041030
B1112284735050N01345834EA0181201788004003046043041
B1112294735056N01345841EA0181101787004003046042030
B1112304735061N01345849EA0181001786004003052041030
B1112314735067N01345856EA0180901786004003052036020
B1112324735074N01345861EA0180901785004003051027010
B1112334735081N01345865EA0180901784004003050018356
B1112344735088N01345868EA0180801783004003050011002
B1112354735094N01345870EA0180701782004003046006004
B1112364735101N01345871EA0180601781004003046003357
B1112374735108N01345871EA0180401780004003046000359
B1112384735115N01345871EA0180401780004003046354341
B1112394735122N01345869EA0180501781004003046345320
B1112404735127N01345866EA0180501781004003035331314
B1112414735130N01345862EA0180601782004003035311306
B1112424735133N01345857EA0180501781004003029297311
B1112434735135N01345851EA0180401780004003029295317
B1112444735137N01345845EA0180301778004003029297303
B1112454735139N01345839EA0180101777004003031291296
B1112464735140N01345833EA0180001775004003031277285
B1112474735140N01345826EA0179801773004003031265274
B1112484735139N01345819EA0179401770004003032256275
B1112494735138N01345812EA0179401769004003032248279
B1112504735136N01345806EA0179201768004003027237248
B1112514735134N01345802EA0179001766004003027225242
B1112524735130N01345798EA0178801763004003027212228
B1112534735126N01345794EA0178401759004003031204211
B1112544735120N01345791EA0178001755004003037196221
B1112554735114N01345789EA0177701752004003043191215
B1112564735108N01345786EA0177501750004003043194224
B1112574735102N01345783EA0177201748004003042199228
B1112584735097N01345780EA0177001745004003041201214
B1112594735091N01345778EA0176801743004003041198215
B1113004735085N01345775EA0176601740004003041198210
B1113014735079N01345772EA0176301738004003043199224
B1113024735073N01345768EA0176001735004003043201223
B1113034735067N01345764EA0175801733004003043204225
B1113044735062N01345760EA0175601731004003042207230
B1113054735056N01345756EA0175401729004003040211234
B1113064735051N01345751EA0175301727004003040213232
B1113074735047N01345747EA0175301727004003040213239
B1113084735042N01345742EA0175201726004003039218249
B1113094735039N01345736EA0175201726004003037234263
B1113104735036N01345729EA0175201726004003035253266
B1113114735035N01345721EA0175201726004003036265279
B1113124735035N01345713EA0175301727004003035271291
B1113134735035N01345706EA0175301727004003035275299
B1113144735036N01345699EA0175201726004003033281302
B1113154735037N01345692EA0175001724004003031289299
B1113164735039N01345685EA0174801722004003036297305
B1113174735043N01345678EA0174801722004003036306322
B1113184735047N01345672EA0175001724004003042320332
B1113194735052N01345668EA0175201726004003042341342
B1113214735058N01345667EA0175401728004003040357348
B1113224735063N01345667EA0175601730004003040005352
B1113234735069N01345667EA0175701731004003038006000
B1113244735074N01345668EA0175901732004003034007006
B1113254735079N01345669EA0175901733004003034013011
B1113264735084N01345672EA0175901733004003039020009
B1113274735090N01345676EA0175901733004003043025018
B1113284735096N01345680EA0175901733004003043029016
B1113294735101N01345685EA0175901734004003043035031
B1113304735106N01345691EA0176001735004003042043041
B1113314735110N01345697EA0176001734004003040048038
B1113324735114N01345704EA0175901733004003045049042
B1113334735119N01345713EA0175801732004003045053050
B1113344735123N01345722EA0175701731004003049058054
B1113354735127N01345732EA0175601731004003051062055
B1113364735130N01345741EA0175701731004003050065054
B1113374735133N01345751EA0175601731004003050067050
B1113384735136N01345761EA0175501729004003047068054
B1113394735139N01345771EA0175401728004003047067066
B1113404735142N01345781EA0175201726004003049065063
B1113414735145N01345793EA0175001724004003059068081
B1113424735148N01345805EA0174901723004003060074092
B1113434735149N01345818EA0174901723004003059080092
B1113444735151N01345830EA0174901722004003057084083
B1113454735151N01345841EA0174801721004003053085071
B1113464735152N01345852EA0174601719004003051084071
B1113474735153N01345864EA0174301716004003053082066
B1113484735155N01345876EA0174101713004003053080073
B1113494735156N01345888EA0173801710004003054079058
B1113504735158N01345900EA0173601708004003056078061
B1113514735160N01345911EA0173401706004003053074044
B1113524735162N01345922EA0173301705004003053067041
B1113534735166N01345932EA0173101703004003050059035
B1113544735170N01345941EA0172901700004003049053028
B1113554735174N01345950EA0172601697004003049050027
B1113564735179N01345959EA0172201693004003053050035
B1113574735184N01345969EA0171901689004003058051039
B1113584735190N01345978EA0171401686004003058048036
B1113594735202N01345996EA0171201682004003057044034
B1114004735208N01346005EA0170901680004003057044029
B1114014735214N01346014EA0170701677004003059043027
B1114024735222N01346022EA0170501674004003059034018
B1114034735229N01346029EA0170201672004003062029018
B1114044735237N01346036EA0170101670004003062028019
B1114054735244N01346042EA0169901668004003053030020
B1114064735251N01346048EA0169701666004003053031026
B1114074735257N01346054EA0169501663004003051028013
B1114084735264N01346059EA0169101660004003051024012
B1114094735271N01346063EA0168901657004003051022018
B1114104735279N01346068EA0168501653004003053022017
B1114114735286N01346072EA0168201650004003054021025
B1114124735294N01346076EA0167901647004003054018013
B1114134735301N01346079EA0167601644004003054014011
B1114144735309N01346082EA0167301641004003053011019
B1114154735316N01346085EA0167001638004003049014019
B1114164735323N01346088EA0166701635004003049018029
B1114174735330N01346091EA0166201630004003049019024
B1114184735337N01346095EA0165801626004003049016022
B1114194735345N01346097EA0165501622004003050014017
B1114204735352N01346101EA0165101617004003052019027
B1114214735359N01346106EA0164601612004003055026027
B1114224735367N01346112EA0164201608004003055028024
B1114234735374N01346116EA0163801605004003055021012
B1114244735382N01346119EA0163601602004003055013010
B1114254735389N01346122EA0163501601004003046015026
B1114264735395N01346127EA0163301598004003046030034
B1114274735401N01346134EA0163001595004003046043041
B1114284735407N01346141EA0162601591004003051039018
B1114294735414N01346146EA0162101587004003053026352
B1114304735421N01346150EA0161901583004003052014357
B1114314735428N01346154EA0161601581004003052015017
B1114324735435N01346159EA0161401578004003052027033
B1114334735442N01346165EA0161101575004003053036037
B1114344735448N01346172EA0160701572004003053036016
B1114354735455N01346177EA0160501569004003050027008
B1114364735462N01346182EA0160201566004003050020006
B1114374735469N01346186EA0159801562004003050022022
B1114384735477N01346192EA0159501558004003053029028
B1114394735484N01346199EA0159101554004003058034029
B1114404735491N01346206EA0158801552004003059033025
B1114414735499N01346211EA0158701550004003059024017
B1114424735506N01346216EA0158501548004003053021023
B1114434735512N01346221EA0158401546004003050029038
B1114444735519N01346228EA0158101543004003050039045
B1114454735525N01346236EA0157701540004003058042038
B1114464735532N01346244EA0157501538004003058037019
B1114474735538N01346250EA0157401536004003056029014
B1114484735544N01346255EA0157301534004003050029040
B1114494735550N01346261EA0156901530004003048033038
B1114504735556N01346268EA0156601526004003051039042
B1114514735563N01346276EA0156101522004003055040032
B1114524735569N01346284EA0155801518004003055037025
B1114534735576N01346290EA0155501515004003056031010
B1114544735583N01346296EA0155201512004003056026013
B1114554735590N01346301EA0155001510004003051025010
B1114564735597N01346306EA0154801508004003051029025
B1114574735603N01346312EA0154401505004003047031023
B1114584735609N01346316EA0154101501004003044029021
B1114594735615N01346321EA0153701496004003044025015
B1115004735622N01346326EA0153201491004003050025027
B1115014735629N01346331EA0152701486004003054026021
B1115024735636N01346337EA0152301481004003054029024
B1115034735643N01346344EA0152001479004003057033029
B1115044735650N01346350EA0151801477004003057033028
B1115054735656N01346356EA0151601475004003049030017
B1115064735663N01346361EA0151401473004003049027016
B1115074735669N01346366EA0151101470004003046025013
B1115084735676N01346371EA0150801465004003046026019
B1115094735683N01346376EA0150401461004003051027021
B1115104735691N01346382EA0150101458004003059029023
B1115114735698N01346388EA0149901457004003059028017
B1115124735705N01346393EA0149701455004003056024011
B1115134735712N01346397EA0149601453004003052022011
B1115144735719N01346402EA0149301450004003049024016
B1115154735725N01346407EA0148901446004003052025016
B1115164735733N01346412EA0148601441004003057023015
B1115174735741N01346416EA0148201438004003057020012
B1115184735749N01346420EA0147901436004003057017016
B1115194735757N01346424EA0147801435004003056015014
B1115204735764N01346427EA0147701433004003050017027
B1115214735771N01346431EA0147501430004003050019024
B1115224735778N01346435EA0147201427004003049022025
B1115234735785N01346439EA0146801422004003049023027
B1115244735792N01346444EA0146401419004003053024024
B1115254735800N01346450EA0146201417004003059023031
B1115274735808N01346454EA0146101416004003059019022
B1115284735815N01346457EA0146101415004003055016022
B1115294735821N01346460EA0145901413004003046019028
B1115304735827N01346464EA0145601410004003043023021
B1115314735834N01346468EA0145201405004003049025028
B1115324735841N01346473EA0144801401004003049022015
B1115334735849N01346476EA0144401398004003054017009
B1115344735856N01346479EA0144201395004003054014010
B1115354735863N01346482EA0143901393004003048013002
B1115364735870N01346485EA0143701391004003048014002
B1115374735877N01346487EA0143401388004003047013001
B1115384735884N01346489EA0143101384004003047008352
B1115394735891N01346490EA0142801380004003047003358
B1115404735898N01346490EA0142501377004003050001005
B1115414735906N01346491EA0142201374004003051004013
B1115424735914N01346493EA0141901372004003051009021
B1115434735921N01346495EA0141801371004003051011023
B1115444735927N01346497EA0141701369004003048012022
B1115454735934N01346499EA0141601368004003044011019
B1115464735941N01346501EA0141401365004003044012013
B1115474735947N01346504EA0141201363004003044016018
B1115484735954N01346507EA0140901361004003047017014
B1115494735962N01346510EA0140801359004003049017015
B1115504735968N01346513EA0140701358004003047016010
B1115514735975N01346516EA0140601357004003047016009
B1115524735981N01346519EA0140501356004003043015009
B1115534735987N01346521EA0140401354004003043015012
B1115544736000N01346527EA0140001349004003047018012
B1115554736007N01346530EA0139801348004003047019012
B1115564736013N01346533EA0139601346004003046018010
B1115574736019N01346536EA0139501344004003044016005
B1115584736025N01346539EA0139301342004003043013005
B1115594736032N01346541EA0139001340004003044013011
B1116004736038N01346543EA0138801338004003046016010
B1116014736045N01346547EA0138601336004003046019012
B1116024736051N01346550EA0138501334004003046020006
B1116034736058N01346553EA0138301332004003046021008
B1116044736064N01346557EA0138001330004003046020002
B1116054736071N01346561EA0137801327004003049021006
B1116064736078N01346565EA0137601325004003049022002
B1116074736085N01346569EA0137301322004003051019354
B1116084736092N01346572EA0137201321004003051015347
B1116094736099N01346575EA0137001319004003047014353
B1116104736105N01346577EA0136901318004003047014003
B1116114736111N01346580EA0136801316004003041018005
B1116124736116N01346583EA0136701314004003040020016
B1116134736122N01346586EA0136401311004003040020012
B1116144736129N01346589EA0136101308004003048018014
B1116154736136N01346593EA0135801305004003050019017
B1116164736142N01346597EA0135701304004003050021018
B1116174736149N01346601EA0135501303004003050025033
B1116184736155N01346605EA0135401302004003048027024
B1116194736161N01346610EA0135401301004003043029026
B1116204736167N01346615EA0135201298004003043032025
B1116214736172N01346621EA0134901295004003043035022
B1116224736178N01346626EA0134601292004003045034021
B1116234736184N01346632EA0134301289004003047032018
B1116244736190N01346637EA0134101287004003047030016
B1116254736196N01346643EA0133901286004003047032020
B1116264736201N01346648EA0133701283004003044034013
B1116274736207N01346653EA0133401280004003044034014
B1116284736212N01346659EA0133101277004003044031010
B1116294736219N01346664EA0132801274004003047028007
B1116304736225N01346668EA0132501271004003047025003
B1116314736231N01346672EA0132301268004003046023006
B1116324736237N01346677EA0132001265004003046022008
B1116334736244N01346681EA0131701262004003047023001
B1116344736250N01346685EA0131501260004003047021003
B1116354736257N01346688EA0131201257004003047019000
B1116364736263N01346691EA0130801254004003045015005
B1116374736269N01346693EA0130601250004003042009013
B1116384736275N01346695EA0130301247004003042011025
B1116394736282N01346698EA0129901243004003050018023
B1116404736289N01346703EA0129601241004003052026032
B1116414736296N01346708EA0129401239004003050032033
B1116424736301N01346713EA0129401238004003049033025
B1116434736307N01346717EA0129201236004003043027012
B1116444736312N01346721EA0129001233004003038021014
B1116454736318N01346725EA0128701230004003042021016
B1116464736324N01346729EA0128401226004003042025035
B1116474736330N01346733EA0128101223004003046026024
B1116484736336N01346738EA0127901222004003046030020
B1116494736341N01346743EA0127801220004003042029016
B1116504736347N01346747EA0127601218004003042028012
B1116514736352N01346751EA0127401215004003039027014
B1116524736357N01346755EA0127001212004003039026018
B1116534736363N01346759EA0126701208004003041025008
B1116544736369N01346764EA0126401205004003046024011
B1116554736375N01346767EA0126201203004003046021351
B1116564736381N01346770EA0125901201004003044015345
B1116574736387N01346771EA0125701198004003040004347
B1116584736393N01346772EA0125501195004003038358353
B1116594736399N01346772EA0125201192004003040356348
B1117004736404N01346772EA0124901190004003040358003
B1117014736410N01346771EA0124601187004003040358359
B1117024736416N01346771EA0124401185004003038000017
B1117034736422N01346772EA0124201182004003038004016
B1117044736427N01346773EA0124001179004003040014018
B1117054736433N01346777EA0123701176004003042025024
B1117064736439N01346781EA0123301173004003042033026
B1117074736444N01346787EA0123101170004003044036036
B1117084736449N01346792EA0122801167004003044036034
B1117094736454N01346798EA0122601165004003043040041
B1117104736459N01346805EA0122301162004003044043044
B1117114736464N01346812EA0122101160004003044047051
B1117124736468N01346819EA0121801157004003045048042
B1117134736473N01346827EA0121501154004003047048054
B1117144736477N01346835EA0121301151004003047049048
B1117154736482N01346843EA0121101149004003047051055
B1117164736486N01346851EA0121001147004003046054043
B1117174736490N01346859EA0120801146004003046054039
B1117184736494N01346867EA0120701143004003046054021
B1117194736499N01346875EA0120501141004003045047026
B1117204736504N01346882EA0120201139004003046042024
B1117214736509N01346889EA0120001137004003046041026
B1117224736514N01346896EA0119801134004003046042033
B1117234736519N01346903EA0119601132004003046042019
B1117244736524N01346909EA0119401130004003046037008
B1117254736531N01346915EA0119201127004003047026359
B1117264736537N01346918EA0119001124004003047015350
B1117274736544N01346919EA0118701122004003047004343
B1117284736550N01346920EA0118501121004003046357348
B1117294736556N01346919EA0118501120004003039354346
B1117304736562N01346919EA0118301118004003039356338
B1117314736567N01346919EA0118101116004003036357341
B1117324736573N01346918EA0117901112004003036352335
B1117334736579N01346916EA0117601109004003041343324
B1117344736584N01346912EA0117401108004003042331314
B1117354736589N01346907EA0117201107004003041317303
B1117364736592N01346901EA0117101106004003039303303
B1117374736594N01346896EA0117001104004003033291291
B1117384736596N01346890EA0116801103004003028288306
B1117394736598N01346883EA0116601100004003031291306
B1117404736600N01346877EA0116301097004003031292300
B1117414736601N01346871EA0116101095004003031289291
B1117424736603N01346864EA0115901093004003030284288
B1117434736604N01346858EA0115601090004003030288272
B1117444736603N01346851EA0115301088004003030262271
B1117454736602N01346844EA0115101085004003030254264
B1117464736601N01346837EA0114901083004003035251261
B1117474736600N01346830EA0114701081004003035254274
B1117484736599N01346824EA0114501080004003033255267
B1117494736597N01346819EA0114401078004003026242253
B1117504736596N01346814EA0114101075004003025235250
B1117514736593N01346809EA0113701071004003030232252
B1117524736590N01346803EA0113401067004003037233249
B1117534736586N01346796EA0113201065004003037232251
B1117544736583N01346789EA0113101065004003040230245
B1117554736579N01346784EA0113201065004003040225257
B1117564736576N01346780EA0113201065004003027217243
B1117574736573N01346776EA0113101065004003027211239
B1117584736569N01346773EA0113001063004003027211239
B1117594736566N01346769EA0112801061004003027217235
B1118004736562N01346765EA0112501059004003030221239
B1118014736559N01346759EA0112501057004003035223244
B1118024736555N01346754EA0112301057004003036224234
B1118034736551N01346749EA0112401057004003035222240
B1118044736548N01346745EA0112401057004003033220234
B1118054736544N01346741EA0112301056004003030218229
B1118064736541N01346737EA0112301055004003028215239
B1118074736537N01346733EA0112101054004003028216222
B1118084736534N01346729EA0111901051004003028216229
B1118094736530N01346725EA0111601048004003029217225
B1118104736527N01346720EA0111401046004003032221227
B1118114736523N01346715EA0111201044004003033222220
B1118124736519N01346711EA0111001041004003033220224
B1118134736516N01346707EA0110701040004003031214225
B1118144736512N01346704EA0110601038004003028214235
B1118154736509N01346699EA0110401035004003028223236
B1118164736506N01346694EA0110201033004003030233244
B1118174736503N01346689EA0110101031004003031235232
B1118184736501N01346684EA0109901030004003030236236
B1118194736498N01346678EA0109701028004003030236228
B1118204736495N01346672EA0109501026004003030233227
B1118214736492N01346667EA0109401023004003031225217
B1118224736489N01346663EA0109201022004003032218223
B1118234736485N01346658EA0109001020004003032215216
B1118244736481N01346654EA0108901018004003032215224
B1118254736477N01346650EA0108701017004003032214213
B1118264736473N01346646EA0108501015004003033210208
B1118274736468N01346644EA0108201013004003035197198
B1118284736463N01346642EA0108101011004003035184193
B1118294736458N01346642EA0108101010004003035179200
B1118304736453N01346641EA0107901008004003034187212
B1118314736448N01346639EA0107601006004003033198211
B1118324736444N01346636EA0107501004004003034204202
B1118334736439N01346634EA0107401003004003034201202
B1118344736434N01346632EA0107301002004003035191187
B1118354736429N01346631EA0107301001004003035184199
B1118364736424N01346630EA0107000999004003030180184
B1118374736419N01346630EA0106700995004003032180190
B1118384736414N01346630EA0106500992004003032180187
B1118394736409N01346630EA0106100989004003036180179
B1118404736403N01346630EA0105800986004003038176182
B1118414736398N01346631EA0105600984004003038169184
B1118424736392N01346633EA0105400981004003038166188
B1118434736387N01346634EA0105100979004003038174202
B1118444736381N01346634EA0104900976004003037183197
B1118454736376N01346633EA0104600973004003037189211
B1118464736370N01346632EA0104400970004003037188191
B1118474736365N01346631EA0104300969004003038189193
B1118484736359N01346629EA0104100968004003037194209
B1118494736355N01346627EA0104000967004003035197213
B1118504736350N01346625EA0103800964004003031196205
B1118514736345N01346623EA0103500960004003036196215
B1118524736339N01346620EA0103100956004003042197205
B1118534736334N01346617EA0102700953004003042199215
B1118544736328N01346614EA0102600951004003042204224
B1118554736323N01346610EA0102400950004003040210223
B1118564736319N01346606EA0102300948004003031212213
B1118574736315N01346603EA0102100945004003031206193
B1118584736310N01346601EA0101800942004003031189182
B1118594736304N01346601EA0101500938004003035178171
B1119004736297N01346603EA0101100935004003042164172
B1119014736291N01346607EA0100800933004003049150167
B1119024736286N01346612EA0100700932004003049145183
B1119034736281N01346614EA0100700930004003040160185
B1119044736276N01346615EA0100400927004003031186196
B1119054736271N01346613EA0100000923004003031199207
B1119064736265N01346610EA0099700920004003044203201
B1119074736259N01346606EA0099400918004003045206214
B1119084736254N01346602EA0099400918004003044212221
B1119094736249N01346597EA0099400918004003041217235
B1119104736245N01346592EA0099400917004003037219233
B1119114736242N01346588EA0099300916004003028220226
B1119124736238N01346583EA0099200914004003032220214
B1119134736234N01346578EA0098900912004003032220225
B1119144736230N01346573EA0098800911004003037222228
B1119154736226N01346567EA0098800911004003037226242
B1119164736223N01346561EA0098700910004003031230254
B1119174736220N01346556EA0098500908004003031234237
B1119184736217N01346550EA0098300905004003030233238
B1119194736214N01346544EA0098000902004003030234242
B1119204736211N01346537EA0097800898004003036233231
B1119214736207N01346530EA0097600897004003042227219
B1119224736202N01346525EA0097500896004003042210196
B1119234736196N01346523EA0097400895004003039190188
B1119244736191N01346522EA0097200893004003039178183
B1119254736185N01346522EA0097000890004003039174185
B1119264736179N01346523EA0096700887004003043174196
B1119274736172N01346523EA0096300884004003044177200
B1119284736166N01346523EA0096000882004003043183206
B1119294736160N01346522EA0095900879004003041191222
B1119304736156N01346519EA0095700877004003037208230
B1119314736152N01346515EA0095300874004003031228241
B1119324736149N01346509EA0095000871004003035242254
B1119334736147N01346502EA0094800868004003035251256
B1119344736146N01346495EA0094600865004003035259264
B1119354736144N01346488EA0094300863004003033258244
B1119364736143N01346482EA0094100860004003030249250
B1119374736141N01346476EA0093700857004003033237234
B1119384736138N01346470EA0093400854004003033230239
B1119394736134N01346463EA0093200852004003035228238
B1119404736131N01346457EA0093000850004003036228240
B1119414736127N01346451EA0092800847004003036228258
B1119424736124N01346445EA0092500845004003036230253
B1119434736121N01346438EA0092300843004003036241262
B1119444736119N01346431EA0092100840004003038256276
B1119454736119N01346423EA0091900839004003038270274
B1119464736118N01346417EA0091700837004003033274279
B1119474736118N01346410EA0091500834004003029267256
B1119484736118N01346403EA0091200830004003032264265
B1119494736117N01346395EA0090700826004003038259248
B1119504736116N01346386EA0090600823004003038256273
B1119514736114N01346377EA0090400821004003043252250
B1119524736112N01346369EA0090300821004003040246230
B1119534736109N01346362EA0090300820004003040235224
B1119544736105N01346355EA0090400820004003040232208
B1119554736100N01346350EA0090300820004003040207203
B1119564736096N01346346EA0090200820004003036211199
B1119574736090N01346343EA0090200819004003036194198
B1119584736085N01346341EA0090000817004003036191189
B1119594736079N01346340EA0089800814004003036188175
B1120004736074N01346339EA0089700812004003037186177
B1120014736069N01346338EA0089400809004003034186174
B1120024736064N01346337EA0089200807004003034184167
B1120034736059N01346338EA0088900803004003031172159
B1120044736055N01346340EA0088500799004003031155155
B1120054736050N01346345EA0088100794004003035139144
B1120064736045N01346352EA0087800791004003047128137
B1120074736042N01346360EA0087500789004003047120125
B1120084736039N01346369EA0087500789004003047111111
B1120094736036N01346378EA0087500789004003046107109
B1120104736034N01346387EA0087600790004003045104106
B1120114736033N01346396EA0087700792004003037101103
B1120124736032N01346403EA0087700792004003037094099
B1120134736032N01346412EA0087800792004003036090093
B1120144736032N01346420EA0087700791004003036093095
B1120154736031N01346429EA0087700790004003040099100
B1120164736029N01346438EA0087700791004003042104106
B1120174736028N01346447EA0087700791004003042099086
B1120184736028N01346454EA0087700791004003036089082
B1120194736028N01346462EA0087600790004003034081078
B1120204736029N01346470EA0087500788004003034080068
B1120214736030N01346478EA0087200786004003038084069
B1120224736031N01346486EA0087000785004003039078075
B1120234736033N01346495EA0086800783004003039069078
B1120244736035N01346503EA0086700781004003040065064
B1120254736037N01346512EA0086600779004003041071076
B1120264736039N01346520EA0086400778004003041075067
B1120274736041N01346529EA0086200776004003044072062
B1120284736043N01346539EA0086100774004003044068062
B1120294736045N01346548EA0086100773004003046067064
B1120304736048N01346557EA0085900772004003046068051
B1120314736051N01346566EA0085800770004003043063047
B1120324736054N01346574EA0085500767004003043051029
B1120334736059N01346580EA0085200764004003042035023
B1120344736064N01346584EA0085000762004003042018011
B1120354736071N01346586EA0085000762004003045005004
B1120364736077N01346587EA0085100762004003041356348
B1120374736083N01346586EA0085100763004003041355345
B1120384736088N01346585EA0085200764004003037346330
B1120394736093N01346582EA0085300765004003036328305
B1120404736097N01346576EA0085200763004003036307297
B1120414736100N01346568EA0085100762004003046293299
B1120424736102N01346559EA0085000762004003046287291
B1120434736104N01346550EA0085100764004003046285301
B1120444736105N01346542EA0085100765004003039280290
B1120454736106N01346535EA0085200766004003034275283
B1120464736107N01346528EA0085200765004003028276301
B1120474736108N01346522EA0085000763004003028277293
B1120484736108N01346515EA0084800760004003028279296
B1120494736109N01346507EA0084400757004003032281297
B1120504736111N01346499EA0084200754004003038287311
B1120514736113N01346491EA0083900752004003041293300
B1120524736115N01346483EA0083800751004003041293313
B1120534736117N01346476EA0083800749004003037292308
B1120544736120N01346470EA0083500748004003034296315
B1120554736123N01346463EA0083200744004003034302304
B1120564736126N01346456EA0083100742004003037304328
B1120574736129N01346450EA0082800739004003037309309
B1120584736133N01346444EA0082500737004003037308316
B1120594736136N01346436EA0082300734004003037302308
B1121004736140N01346429EA0082200731004003040306326
B1121014736145N01346422EA0081900729004003047313326
B1121024736151N01346417EA0081900731004003052337338
B1121034736158N01346413EA0081800730004003047341352
B1121044736163N01346410EA0081900730004003046348351
B1121054736169N01346409EA0081700728004003038353353
B1121064736174N01346408EA0081500726004003037358353
B1121074736180N01346408EA0081300724004003040355353
B1121084736187N01346407EA0081000720004003040354359
B1121094736194N01346407EA0080800718004003046001014
B1121104736201N01346408EA0080600717004003047007028
B1121114736207N01346413EA0080500715004003046031028
B1121124736213N01346418EA0080400714004003046039045
B1121134736217N01346424EA0080300713004003042049055
B1121144736220N01346431EA0080100711004003039059067
B1121154736223N01346439EA0079800708004003039068077
B1121164736225N01346448EA0079500705004003044077088
B1121174736225N01346458EA0079300702004003047087103
B1121184736225N01346468EA0079200701004003046097118
B1121194736224N01346477EA0079000699004003046107139
B1121204736221N01346486EA0079000699004003043119134
B1121214736218N01346493EA0078800697004003038125122
B1121224736215N01346500EA0078800696004003038125124
B1121234736213N01346507EA0078700694004003036116107
B1121244736210N01346515EA0078600693004003036113101
B1121254736207N01346522EA0078300691004003039120105
B1121264736203N01346529EA0078200689004003042138124
B1121274736198N01346533EA0078000687004003042155150
B1121284736193N01346536EA0077700685004003041168181
B1121294736188N01346537EA0077600684004003035177192
B1121304736185N01346537EA0077500683004003029183158
B1121314736183N01346537EA0077500683004003005177189
B1121324736183N01346537EA0077500683004003005177194
B1121334736183N01346538EA0077500683004003003177197
B1121344736183N01346538EA0077600684004003000177201
B1121354736183N01346538EA0077600684004003000177199
B1121364736183N01346537EA0077600684004003001177190
B1121374736182N01346537EA0077600684004003000177193
B1121384736182N01346537EA0077600684004003000177192
B1121394736182N01346537EA0077600684004003000177192
B1121404736182N01346537EA0077600684004003000177191
B1121414736183N01346537EA0077600684004003000177186
B1121424736183N01346537EA0077600684004003000177192
B1121434736183N01346537EA0077600684004003001177179
B1121444736183N01346537EA0077600684004003001177179
B1121454736183N01346537EA0077600683004003001177164
B1121464736183N01346537EA0077600683004003002182177
B1121474736182N01346537EA0077600683004003002182173
B1121484736182N01346537EA0077600683004003002182170
B1121494736182N01346537EA0077600683004003003182185
B1121504736181N01346537EA0077600683004003000182188
B1121514736181N01346537EA0077600683004003000182189
B1121524736181N01346537EA0077600683004003000182166
B1121534736181N01346537EA0077600683004003001182174
B1121544736181N01346537EA0077600683004003001182182
B1121554736181N01346537EA0077600683004003000182187
B1121564736181N01346537EA0077600683004003000182189
B1121574736181N01346537EA0077600683004003001182185
B1121584736181N01346537EA0077600682004003001182191
B1121594736181N01346537EA0077600682004003000182192
B1122004736181N01346537EA0077600682004003000182193
B1122014736181N01346537EA0077600683004003000182193
B1122024736181N01346537EA0077600683004003000182194
B1122034736181N01346537EA0077600683004003000182196
B1122044736181N01346537EA0077600682004003001182195
B1122054736181N01346537EA0077600682004003002200198
Gb/xTSKzsQrKiRCrEU19ocjEu3ByvyFOMNOUBtILlD9QTG4cfbuR2mUX4KfTRYaVs
GOadHjDzK9TtzZpxjuhqH1T8O/WEUQSGT6Ow+I6VH6lIOY3sjj7BK22IXK73Cfqxu
GgfRM3Jt0I/6Q0mxVOKGGnMVN5F/ee+CrkktVl7UGZ6c=
